Product_id,ProductName,Category,ProductDescription,SupplierName,SupplierContact,PurchasePrice
1,JBSKMJNRSVIYG,Home & Kitchen,0.0,GAZBHXKMERSUC,WLNHIBUBXPTKTJHGA,205.26
2,TFUBFCP,Books,0.0,AVESIZXGLNPMRJ,unknown,205.26
3,BQILCKAWMOZE,Clothing,0.0,UFVCDAKQE,XUBVMSAFHQC,205.26
4,QYWXYFUVK,Toys & Games,0.0,WGDZPONB,ZSGOFYVWRJDERJJ,205.26
5,DCMWIU,Electronics,0.0,TXBEMWJVMNYRTW,GTNYHZIXEYUHTETRDKU,205.26
6,ZLBCCLOIWH,Home & Kitchen,0.0,EUTYLPZTSYGY,TKNZMDPFWMWTESU,205.26
7,YVDAXGBXEGDEXA,Electronics,0.0,SJHPDJSP,ENDFEXBFBLVDMQFCMWC,205.26
8,OTSJR,Toys & Games,0.0,BKTWMCQJ,TIWDBEHBYEFGMIGDECQ,205.26
9,KOKQQFE,Home & Kitchen,0.0,FNSXVAYKYYNM,MAEWIDJNJAWS,205.26
10,BPTXLFADQMRE,Toys & Games,0.0,FDXIGGMBBO,TYOVFGAETT,205.26
11,XCKMDZNVKJSR,Books,0.0,PBTYEBTGEKHQNE,BUWCBPQULEDXPRMT,205.26
12,OUJEZEJECW,Books,0.0,CGZKAVXR,unknown,205.26
13,DRIQMOTQMP,Books,0.0,APMFFUWNEH,unknown,205.26
14,DEEIQMBMVU,Toys & Games,0.0,FEJRMW,LLJAXFSXMASY,205.26
15,SCJBMSZQUNL,Toys & Games,0.0,FUDMRMMG,AYWQQUKTLXMRVXA,205.26
16,LKGDSAXCM,Toys & Games,0.0,CFHZZLBKZ,QGQPLYHKCLDI,205.26
17,KDSQCR,Electronics,0.0,CWJHHNDO,VUUQPLOOACBZQLEKSOG,205.26
18,VYXZSEGUHEQE,Toys & Games,0.0,RVOSXCBMMYIYCB,JFUOJUQVFSTTFNXMM,205.26
19,VSUBKVMO,Books,0.0,BPHZARVI,IUXHJTDCMUHXINANLD,205.26
20,UVKGEQXTIN,Clothing,0.0,LEUCHVZPRLLUDJ,UDMPKCBYZCTQAZY,205.26
21,LFQSSZPLLTFWZD,Toys & Games,0.0,DXAEYCKMVKZFV,JTFBVGQHMVYDK,205.26
22,KAXWOKYSRQ,Clothing,0.0,GCVJESRQ,YHRHKXEGWDV,205.26
23,UNRSOOD,Books,0.0,AEUQYUIKVGGB,FMPVYBZXOHQNRNDUUVW,205.26
24,MCPIHTMQQQA,Toys & Games,0.0,RDLSMFKOU,unknown,205.26
25,SFCEMONWPRVV,Electronics,0.0,BMWYA,ANSSYOSFYZEZPIYOVH,205.26
26,VJJUPLB,Electronics,0.0,OPKCLLKP,YHDXBPCIZDBSWYOGHC,205.26
27,XCXYOCSRHZQHG,Clothing,0.0,UMLJZKRET,OAPVCBODNIVINOXE,205.26
28,CADYEAOEMHH,Electronics,0.0,LQAHP,BXQKMLCWTMOKPGAWS,205.26
29,IADCBHWIB,Electronics,0.0,YJBYYDD,IRCCDPKWWOI,205.26
30,FKCHCNMM,Electronics,0.0,LQUVDHPO,HVFURFFLENFUTSNATYW,205.26
31,MSFPBH,Books,0.0,KYMWHWI,GNTPLWKRLXJXYEZX,205.26
32,WBJPF,Electronics,0.0,TBHRXV,JZXZPYFFTXW,205.26
33,BZMXOB,Home & Kitchen,0.0,KVYTAYPPJXQ,QJHXIGYJXYYASVKWTJ,205.26
34,CHWNXWVGUGA,Toys & Games,0.0,FNZODBSMLYUWMO,unknown,205.26
35,IUMUS,Electronics,0.0,HCAXKI,unknown,205.26
36,SYYVQWWJJ,Electronics,0.0,QGWDMXELTEKB,LIJWHMVOQLPYK,205.26
37,HVTTRNRN,Electronics,0.0,JXGLHWWW,unknown,205.26
38,UXOVDMWH,Home & Kitchen,0.0,CQORJV,SDLCPADIWMVJIT,205.26
39,LWNBRX,Electronics,0.0,QPXYGS,SCJJXUXYBMGMNRN,205.26
40,KILQOY,Electronics,0.0,DMJKS,MSHDILTBDUXSIIKJ,205.26
41,ZZRVF,Toys & Games,0.0,BKJCEOD,HVKFRHWBTEYJ,205.26
42,WXRHI,Home & Kitchen,0.0,AALJI,LWUBJLSEJAG,205.26
43,ELYKYAKSIB,Home & Kitchen,0.0,YZTTNZWSJCTVQ,VVQLGHCOLZ,205.26
44,DROSMSQF,Electronics,0.0,LOEOTXP,BQYDGOUYPY,205.26
45,LSEQZWZAYXWJ,Home & Kitchen,0.0,HKIPNONXJMAWI,EZPAOTEMNYBBSSL,205.26
46,UUKMEAXLKQD,Clothing,0.0,ZQJMR,unknown,205.26
47,IUTSSLEJQEVPG,Home & Kitchen,0.0,XMXJTGGIP,HQBQHNQFZKHMHGXXZ,205.26
48,COPRNCLIGIMRE,Home & Kitchen,0.0,CMKHUUXFJZQTI,BLDEPBXXMDEL,205.26
49,BPIIFKVX,Home & Kitchen,0.0,NTMZAYXSI,EPYIODQXAPWTQD,205.26
50,ADMWMMBIXH,Books,0.0,OTEDD,MHRMIEKNXRRTPDSE,205.26
51,DRCFLLUHVVA,Books,0.0,OEQGFOYTNJFJW,QDFVRFTZOAQ,205.26
52,UKCMYQVV,Books,0.0,IMNAASIE,DXCUCXNTHHI,205.26
53,ULOUJNMEFXBVQD,Home & Kitchen,0.0,PLEFT,ZGJADTDWNEE,205.26
54,CYCOFQLVTXKYDZ,Clothing,0.0,KSUFWJORUGW,unknown,205.26
55,FATWPOQHZLVUJO,Home & Kitchen,0.0,XPMQDSD,EEYNEIVKQLLXPARFE,205.26
56,BEFGUYAWZGTYL,Electronics,0.0,LXDXQXZRVFSEB,MFGCKHDJIWM,205.26
57,DMGDOSIKH,Clothing,0.0,XMEWHKDROEWL,OEYMLIXHIUMI,205.26
58,WYXHM,Books,0.0,DTIINZXH,FKJNFGICLPMFMZE,205.26
59,DHCIBBMOWL,Toys & Games,0.0,AXKDQQSMSZQ,HCBTSGLDJILKU,205.26
60,DZHIWEXTRKOVIQ,Clothing,0.0,TLTNVIYLXQPL,BFFAGLUWLTUW,205.26
61,LGJYZYJMSKMUHH,Books,0.0,ZBCEPUMZXRBXAI,NQQRMMKCQZBBGVY,205.26
62,OKKAQOTF,Clothing,0.0,ECELHH,NUSQPQRKSKJNNJUWDJF,205.26
63,VYOINRZQRETT,Clothing,0.0,YGBAXAHYQW,KRFUOFTAINCANND,205.26
64,KXVARFBOZUNEF,Home & Kitchen,0.0,NHTRWGXNY,DKTIKOFYLMRWWNXZ,205.26
65,VRNJNMCFHL,Electronics,0.0,CUNNCJIUGZ,XBSBQWHEZKYTATPEPX,205.26
66,QPKMR,Toys & Games,0.0,GLZDTMCTIUV,JIVXSCIVTHDKDL,205.26
67,IPDCPXZYLK,Books,0.0,MAWWFTZX,unknown,205.26
68,YRSWWFVRZ,Clothing,0.0,QYXRYDZLVPRJ,HIEUJENRGHEXFTWXIUI,205.26
69,DLSBQKKUPB,Toys & Games,0.0,BYOIOESC,QXHWAVROVPBMBNGKO,205.26
70,WHMJHD,Clothing,0.0,MXCDR,QUQOPIUUTSXWIFAEEWZ,205.26
71,KGQTX,Electronics,0.0,CNPLKBAMZRRM,AVFISEUQVT,205.26
72,VVLIEJ,Toys & Games,0.0,AOQFEAVP,MXHCYKTAYNUXMOW,205.26
73,EJKUXJHB,Books,0.0,ECCLRIYWQQTR,HOMAKTOUDFYLAJ,205.26
74,HPVEYCLMMJD,Clothing,0.0,ROACGJI,AGBYHZASFKS,205.26
75,VXWBSAYGQCTTU,Electronics,0.0,IHFAPXXYJKLVCF,JPPJRVRCLJPYIRMXNS,205.26
76,CQGZNQR,Toys & Games,0.0,WMXSHUWMDCVY,KZHCOMHMPVA,205.26
77,TURDARAZ,Clothing,0.0,YCVLEYFR,unknown,205.26
78,MTTWJKIIEZAQVB,Clothing,0.0,NEKIQLYZ,PZJFNBIMUWT,205.26
79,MIDEKXSUCLZS,Books,0.0,ADVRQ,CMUATDRYMFY,205.26
80,MGOWGZH,Electronics,0.0,XVLEASGO,ORQNDAHKMQUNYQT,205.26
81,UNDWJTORT,Home & Kitchen,0.0,CEFYKSVBYLYWNI,XAHSKWJAEPTTEPCWB,205.26
82,IPSPGNNYDZOC,Clothing,0.0,PZQQBJKC,VAPWXBTGKF,205.26
83,ACOXHDBXX,Toys & Games,0.0,DHSTRA,unknown,205.26
84,DCBYQWUXTWMEUI,Books,0.0,WZBHJSGQCYOD,UQAGZGMZVIRAKVV,205.26
85,YVFEYJHGGFUTC,Books,0.0,KFQJA,KJQQLJLFUFFTZHEFBQ,205.26
86,VODLFSD,Clothing,0.0,NSRXVA,VIUHWKJQWTMVIOMMM,205.26
87,EMWZREYPSNYPO,Clothing,0.0,AINCLQQBFA,unknown,205.26
88,DGPXVUVUHQ,Clothing,0.0,LDWPTKTTZJH,UBUIXVYWBANMCTYEBZ,205.26
89,JJBIQKJVYQD,Home & Kitchen,0.0,HZAWGV,RIVLERWWBJVJZC,205.26
90,OYUEFQAY,Clothing,0.0,UQBZWBHG,NEXWMXQFMLCPEBKDV,205.26
91,DQIXBHO,Electronics,0.0,HTQWQGYEOBKQXM,unknown,205.26
92,FAOWZGYQBII,Toys & Games,0.0,XRNSCDYI,SIPSDOIPZXFHANDJPDB,205.26
93,FTTUCQQLPO,Clothing,0.0,WNYQBNVPS,MKJYFGOTSCU,205.26
94,AQCZODDRQSK,Home & Kitchen,0.0,EZHQYNJVLEH,BWPWQOMLGTTCICP,205.26
95,CHNZANBW,Toys & Games,0.0,MYUQXYUE,CHHZXOEMOGLCH,205.26
96,XSFYAQHS,Books,0.0,IEBCKJCIHP,BHVRLVZRSEPQIJSLAVQ,205.26
97,AEPFHMPCS,Clothing,0.0,UZBYJXNEVY,GTIWEISKNNHX,205.26
98,YTDLWBXVSYEHGN,Toys & Games,0.0,MDUIP,ADPYZASXCBQYK,205.26
99,WCRPWSSRTPHA,Books,0.0,USXNWXTHJ,CGJCHYXEJLRFHRFWIPK,205.26
100,LUKEL,Home & Kitchen,0.0,ATEZOHJF,BQMGVJZMJDKIPQWEEF,205.26
101,FAEYN,Electronics,0.0,USDVFOFRKLHXVN,NKSKYTFMSCY,205.26
102,VXARPISVE,Clothing,0.0,RFFZSBDX,CSOVMQUYYHVNICIXLO,205.26
103,OGDAMT,Electronics,0.0,OCPMLUIKH,IXHFIOXRVK,205.26
104,GOWNWSVXTX,Home & Kitchen,0.0,GDBYSVWLCSCSSG,NMMVMYPLUXZRLEQUW,205.26
105,JIYHZJ,Toys & Games,0.0,DFNHROSRO,MJCFPASHIW,205.26
106,BFZEI,Toys & Games,0.0,LREOZIHHCMM,WGKWHKNNDTIHO,205.26
107,RZTIQQLGC,Home & Kitchen,0.0,BWDMJ,FYPPNOVULWRXK,205.26
108,BYCPBXJFVZKWGO,Home & Kitchen,0.0,MAKRIFWME,FCIOBDBFLGIFVEZZ,205.26
109,TIVTLSTCOB,Clothing,0.0,JEVJYETUKEEQU,JTDEQRCWMASWV,205.26
110,BVCFOJIAP,Books,0.0,AMDHTWFOO,DPPQULBXJFL,205.26
111,IDBDASZYJU,Electronics,0.0,PIXEZWPYG,unknown,205.26
112,SPUXVDBYMA,Electronics,0.0,JPULIPI,PHCUMTIIDNRASBEV,205.26
113,MDGQI,Toys & Games,0.0,VWGKQXVWJOJB,TTOTASDNAEJIQNGRJY,205.26
114,SAJDIMNJ,Toys & Games,0.0,XUOQVMSUYWH,NCWVKJHIWFNXI,205.26
115,PFQJRVRCTU,Clothing,0.0,ISQJNLTXVG,FXYFVBYXEZCYKZGIM,205.26
116,OODIZSXQKYIJR,Home & Kitchen,0.0,RGDWHROGHAKJE,unknown,205.26
117,MHGQUWOT,Electronics,0.0,BVBSPKNVEDWSJ,OVTBYAUXTQDEENABVJ,205.26
118,YNEKP,Clothing,0.0,IREQWRUANNN,IMWUMINQCRLWIP,205.26
119,HKRCZA,Toys & Games,0.0,DWGXL,LVBSAFRCVFD,205.26
120,PWJRFS,Toys & Games,0.0,OTBZNLMNZCYMH,unknown,205.26
121,MXNCJFAW,Electronics,0.0,KOSZXBKTTI,unknown,205.26
122,NHSNJQIFKYGQ,Toys & Games,0.0,WDWQXHYYPAJG,WTOTIDHZMQDBZEBPWZW,205.26
123,VEIRX,Toys & Games,0.0,VPUBC,DOECNGOEIMGDGAOORO,205.26
124,BZKFZHDRK,Books,0.0,RODCGXTVSWHG,EEPWYJYVWMOH,205.26
125,ORBVKZYMD,Home & Kitchen,0.0,JYJOXVRJ,unknown,205.26
126,GKVXDOAWCN,Toys & Games,0.0,IYYIVPQPFEG,ORUTGNXTSYXKGKHXJXK,205.26
127,RYAFFUPEQJ,Books,0.0,AJTTATWNOFTB,unknown,205.26
128,RGCMOTSCD,Clothing,0.0,XYYTSEVHCMF,DYGKFELBRVINLIAGGJB,205.26
129,ADLXJWYUZ,Toys & Games,0.0,WNYGKVIJT,DHVNMPGJKKFYLJZIVFI,205.26
130,XYMWNWED,Clothing,0.0,HVFUZ,YCGCTYZHVVHMBNEMWMS,205.26
131,QJZGPAQUIFSMCG,Toys & Games,0.0,FQGFUMN,CNDZJFFBBSCTDDZZK,205.26
132,IVEJWQLWPC,Electronics,0.0,HMTIYEK,QINBNCBVVADJ,205.26
133,VIOEWMNTOPWMQ,Books,0.0,FLLFDZMLOHM,LFUCCSVTDSNDHS,205.26
134,HUBEFLRVVAQ,Books,0.0,SUQAMYTIWZXKIQ,SVAZVOKICRSPPCRMTHG,205.26
135,SNZJOSDBIJKNGW,Electronics,0.0,HBNJIALNSKI,YXWVSZTXLROLFQWDLQU,205.26
136,SVOXHKIOAA,Home & Kitchen,0.0,TZFFT,FOHTPMWOTMOBXU,205.26
137,CJHOJAR,Books,0.0,JZZQUNECKSTSNO,TRGUIGILJJMEVHJFKDB,205.26
138,SMVABP,Clothing,0.0,CWIKOQX,MLNYHCEVGRFRHGB,205.26
139,UGXZQ,Books,0.0,LQIMHVFZWXGAJO,WIPSJZHPYHTDW,205.26
140,MEZQCGZQGUA,Home & Kitchen,0.0,DIOLICOY,MZJWYIYZLZOVA,205.26
141,QKYCO,Clothing,0.0,KFOGSNDUA,NVWBCFSUMTUHDYSGG,205.26
142,KZPYVIXXA,Clothing,0.0,WMKRWIUKFPEA,SZQHZUOTSG,205.26
143,VPISLSVIGNSSB,Electronics,0.0,NWUSFLGJJY,XMAGERHORFEVKZHIM,205.26
144,MOCKUNYHRSPBH,Toys & Games,0.0,SAONMGLHOQU,CGCKNZUJTILH,205.26
145,FLOYHDOTYQ,Electronics,0.0,JGBPDFGWSXWD,VRXQKUBWUZSNWCFDLZ,205.26
146,BMMVOT,Toys & Games,0.0,DTENKBIVLXAVOF,YFEEHEXHATI,205.26
147,CSCVNHWDTKZKKB,Electronics,0.0,QUONSVIZCYYO,KDDQZZPGLQE,205.26
148,IBXOP,Toys & Games,0.0,BDNKL,TEKZSUSDKSEBYSZQU,205.26
149,DHIZZEPMGZTQC,Books,0.0,PLBGUZWYYCC,ROPLHYFXRKFQJ,205.26
150,SLGIFZQPW,Clothing,0.0,EUEYTVFMGBV,OPWQVGSHHEKB,205.26
151,UZDJEUV,Toys & Games,0.0,SBMHPAKHUYYTA,UDLDEQWSJNO,205.26
152,LJMKVPHHYHMBLJ,Books,0.0,GYZYIVBUS,NPHIHKLNRWLDMUPJUKY,205.26
153,ZBRLS,Home & Kitchen,0.0,EMJAZZRUNL,BSETJZPLICA,205.26
154,WRQFYOCFCAMUZN,Electronics,0.0,NQGCQWWJCP,HQAMFOGXHCODIK,205.26
155,GVJGUOOD,Home & Kitchen,0.0,DTIGPFLYCL,NILEUYFSEAYJNZ,205.26
156,WFXTZETLAHA,Books,0.0,NNIDWYTY,unknown,205.26
157,VFUCOEXNR,Home & Kitchen,0.0,TSFSGAGCYFW,unknown,205.26
158,YXNXHGHMFR,Home & Kitchen,0.0,FZKBFVRWNLIMZ,HYZVSWIPHHK,205.26
159,HKAVFP,Books,0.0,UVAHIQMD,UBUERKZQUFMGKRFL,205.26
160,LKJCMCOP,Clothing,0.0,MZQSWXHUQQ,VCSKWBCWYQEBLEMVX,205.26
161,CTKUS,Toys & Games,0.0,UOYABTJPWDHP,UKERFCFPCRXDEIDA,205.26
162,KPUCVFNXRQ,Electronics,0.0,EWHCCRDDOOD,KEJCONEHQTSDBBB,205.26
163,WOKZCCPE,Toys & Games,0.0,WZCJAR,IETODCIJQVTH,205.26
164,JSYDSKBJK,Electronics,0.0,ITFSIRXOO,unknown,205.26
165,TPSWXKNBWEESU,Toys & Games,0.0,HSKDOXJ,HPEBODDJURGED,205.26
166,DVQJTF,Home & Kitchen,0.0,KYIVQIYW,ORQFZZXWYACIEFMWC,205.26
167,NKKRWVRXWKULE,Clothing,0.0,XYIWVBMWAFFPL,CVXWELVTRGTVZLBP,205.26
168,IYIVJVSAGDA,Home & Kitchen,0.0,BLTBDCBRCJL,VHANJWVUMJM,205.26
169,LVVROQNNRTRP,Clothing,0.0,WTGTSHCO,AEPFDJKZBXUZVINBE,205.26
170,WKOLH,Books,0.0,RNSDCVIJHTBZ,SVXLULTETB,205.26
171,TFCXZMMBEQ,Electronics,0.0,DPERN,XOQBUHJCKI,205.26
172,BDVZKHLHKV,Electronics,0.0,DSXMKRY,unknown,205.26
173,HHZQTTWP,Books,0.0,AOXJVDFBQL,LQOITYPRRDDU,205.26
174,PMOXPUWXICS,Toys & Games,0.0,XEXSFQSTUC,ELNJRUJZPF,205.26
175,EJQOWYHO,Books,0.0,EWEXQSSZJCVY,TOEFYYVLAVJC,205.26
176,NTGUWLQQJ,Books,0.0,UQBPKALFSE,EZODSQWHEXDXSX,205.26
177,NKBRGLZ,Clothing,0.0,UCRRLRJDTS,IMUQHSKUNRWEWLP,205.26
178,TRFXJT,Books,0.0,DXKCOPLRXFOB,UUICNXANTRCFDAUC,205.26
179,TCEYHHHLX,Electronics,0.0,LJWDHOSPMYO,TTCUUPXZGIW,205.26
180,HKNHXJGQDMD,Home & Kitchen,0.0,CYNBRCIKZ,CVAXWFUOZEM,205.26
181,ZVDRFXXWV,Clothing,0.0,EIJFFKQ,XMSICZNXGMIKIKNOQ,205.26
182,WKNEFJ,Clothing,0.0,IXREUF,CWCCDXQTDM,205.26
183,NXCLPWQAWJYW,Toys & Games,0.0,IEDIRKPB,unknown,205.26
184,UXBIVMYPRSLHQO,Home & Kitchen,0.0,JDLZIME,CWYOCYKRCTGIQIJMEN,205.26
185,OOWGMQIHTZURMP,Clothing,0.0,CHFEDT,NKVJEULUOXMZH,205.26
186,LLFSGYCPRPWGD,Books,0.0,LVEEVMKKSGQE,DMOIXFRIVXFUGLDZKCG,205.26
187,HMMQQEFSMYZNV,Clothing,0.0,RRIRSQIATW,JCQKABMNQBQ,205.26
188,GHYMFFXU,Clothing,0.0,XMHNCD,YIXYLPDXKUTD,205.26
189,CMVBPVF,Clothing,0.0,UEBFTEOKERH,JIYQLDINDBR,205.26
190,WHYFNCJCLQET,Toys & Games,0.0,NBGWR,NIKTALQQHQUYTYUMYMO,205.26
191,IUZTGVDMMJRQT,Clothing,0.0,OZAQV,MHGWSJLBNJQ,205.26
192,MQVDAAOM,Clothing,0.0,GPBOVTYKXXBKUP,WYOAOZTONM,205.26
193,XZHRM,Toys & Games,0.0,SPHUTE,HISSWIWGNBL,205.26
194,NHHZOMGEQYP,Home & Kitchen,0.0,ZNNWVRZEJOMI,BVLZOHHVRN,205.26
195,BVRQGMRNRMK,Electronics,0.0,ISYIEFWJZJFUA,JDPPUQIKZMAGKYCBNJ,205.26
196,UPWQHSTOI,Toys & Games,0.0,MHXMFSLO,TQHOVFTVBVOPBVNYW,205.26
197,JLUWTAYT,Toys & Games,0.0,WKISKFOQLXBU,AIQUNWJMMZVSH,205.26
198,VOALCKBPIOLAM,Clothing,0.0,DYCBSEQPPZ,YQHDGWTXQETDSAUX,205.26
199,YHHLAKHJSKGKQ,Clothing,0.0,QYSBEAZN,FLQEVIIESVXKLEHQHBW,205.26
200,ZUUHW,Electronics,0.0,IQLXXWZTLOP,unknown,205.26
201,FVRFEMSVHIQC,Clothing,0.0,RVNLKOUUHQH,ULCHXKAXDFJO,205.26
202,KXQUSBH,Books,0.0,JFFQHMOD,NBXWTUFCBNRODPWLQ,205.26
203,GQFSXFB,Clothing,0.0,OWNKTQYJFFAED,TILEQCFCVF,205.26
204,WESTDVZQKD,Clothing,0.0,GTCBH,ZMUYSOZGMTBZSS,205.26
205,MTZQIDWNSZCNHX,Books,0.0,ZYEJLQNZE,CZFMNFIXJPWO,205.26
206,JRPHA,Electronics,0.0,XFOEHAUCU,ZBNQWWAVKNL,205.26
207,XPRDFLIOPXLX,Books,0.0,ODYBZQL,unknown,205.26
208,NMYBCZXVJIZ,Toys & Games,0.0,HEYJSIPA,WEEWWGYQACPV,205.26
209,HJSCXECZ,Books,0.0,YNYZUP,YAUGJCRCGOA,205.26
210,OCLIU,Home & Kitchen,0.0,LMTIZBSOOXARUG,SEZUVGKAVBNJCNEQG,205.26
211,OBWRTLWDWPWPAV,Toys & Games,0.0,ISKDZALAQTIHDH,XKFPNQONGJ,205.26
212,BCZUYTQTVUATF,Clothing,0.0,VJROSTWXKXD,GOXZNOSUZPBB,205.26
213,ZNTONYUXYZEFQK,Toys & Games,0.0,HPMEMSBLIAWNG,PSDCKXQEWI,205.26
214,DRUCVHWCHRJ,Electronics,0.0,WNQBI,YIDPOJEPFP,205.26
215,TQHWKEZMUWEXM,Electronics,0.0,PIYDOUJGFOYB,VUOCSIEPCHXNC,205.26
216,EIPBAHSKLL,Books,0.0,ORNRCTVNFNBV,ICHLQNPSDCMIMLZU,205.26
217,ZMHVZIGZUXO,Toys & Games,0.0,PUQPPHFRWNPH,CBZFYPWRICWZ,205.26
218,WTYLAW,Clothing,0.0,NQVVHP,PDNDRRRUCZGMGVMX,205.26
219,HEOAAYJVJU,Electronics,0.0,XJJURURIUAY,PYOMJJEDSOIPD,205.26
220,VFCMP,Clothing,0.0,OEQIYZZYFZZBMW,KQUAILWLJIUZYTPMCR,205.26
221,OQQVZMQFQPNM,Home & Kitchen,0.0,TDJWVK,SYMMLXABCVUUV,205.26
222,CNNOHOVMQU,Electronics,0.0,WVQKDNCWWLDPGT,unknown,205.26
223,CFEVZQWYBZOE,Books,0.0,SZRUIKSQYURFC,MZLVBUMAJZJKIDQSJ,205.26
224,TFFRRDQYNNMGLW,Home & Kitchen,0.0,CBSFCYYIRGBAE,IGZJLVTKDLL,205.26
225,KOLCQCS,Toys & Games,0.0,CGFAWSTNJBKP,HTNGCYSNSJLRSXRM,205.26
226,DCZPLHXQ,Clothing,0.0,EVRPJ,UXFPRIMDMC,205.26
227,KRACDMFZNEP,Electronics,0.0,VXHFWDEFOF,unknown,205.26
228,HPPDMZMB,Home & Kitchen,0.0,YTHMDVQ,TDINSPZNORO,205.26
229,VHXOKIG,Home & Kitchen,0.0,OVSKGA,IUUPWQJEINVX,205.26
230,HGXLSG,Electronics,0.0,SADXKGG,XAXVTCPEMEWYKQYCVFP,205.26
231,YPCJFRREUGBKMW,Toys & Games,0.0,NMTZVRAMW,BESTVKWRCLWMU,205.26
232,FXZNLDWFJ,Toys & Games,0.0,GFIJVCGY,TIIZGAASCGLPM,205.26
233,OHZIEJ,Books,0.0,LLMVWHDUTAFWBV,XQXINEKTFFX,205.26
234,FPXCJKKQ,Toys & Games,0.0,JUACTD,AIJQCWUVMHTNTHSMF,205.26
235,DQISEVXF,Books,0.0,HVIVSB,FTBJKKCKHQZVY,205.26
236,VATVPWK,Home & Kitchen,0.0,CVZBGQYQIAAHQ,PTGVVYHMER,205.26
237,CILWNARQIIWJSO,Electronics,0.0,SDRMVGZCNICG,LZSTRHXMHJNO,205.26
238,OTWYBMXPO,Toys & Games,0.0,EICPPSYI,OZFNFWAJSKCWFI,205.26
239,JNJYNZWIYNCTP,Books,0.0,AQLIVEOZ,IDCTSWKSQHFEHHCSPJ,205.26
240,JCKKUU,Home & Kitchen,0.0,CBMGIVJ,CIHHYHTGNVQLEBYO,205.26
241,MGWQBLYJRV,Toys & Games,0.0,VPKXH,LOLWRWDKVOYX,205.26
242,SRCUZ,Clothing,0.0,MPCMQUFJIRQGBK,EETYJXVJVFFWFXGRZD,205.26
243,YLKOOPJLMD,Home & Kitchen,0.0,CNTMWQ,RTBBGKRTGVTYEBNG,205.26
244,VBZOHGOWNHL,Toys & Games,0.0,KGCCBUPWKN,RHWPNIFGZIGIXUGLWQT,205.26
245,QXDUH,Home & Kitchen,0.0,GHMSKAS,LVWEREEGCAFGZH,205.26
246,ZPDVOLEWP,Electronics,0.0,QISSWWFGEH,OGGAIYGYTGRNVORJ,205.26
247,GMTECODONTSMJU,Electronics,0.0,NRUYTXCVHNYNGF,KAWBPCQCKDGV,205.26
248,WTTYFDBVP,Electronics,0.0,LVOZYSDCMY,KDYCVPBEYR,205.26
249,EVDMSW,Clothing,0.0,JMHLHIJGC,BBVVUBPASSIT,205.26
250,MKVDVT,Electronics,0.0,CRSJIYXGA,KASQFARIADVRQTSWWN,205.26
251,ODIGSSFF,Clothing,0.0,JBFZUFXHZRGRA,GIYTIOKGFIDQFQZYNER,205.26
252,OOYTIDRR,Electronics,0.0,YNWTGTGDYEWX,JKVCBZNDQQUZIUVZI,205.26
253,TWKEVZDLB,Home & Kitchen,0.0,ATCMGFFBP,DBNTHRDHGYOO,205.26
254,IJGDSJCYUSUBTJ,Toys & Games,0.0,HUYKRWFNOK,unknown,205.26
255,BXQPPN,Toys & Games,0.0,DNMJYVLXHT,FWVSUSVOSLBKMDYA,205.26
256,UKXAKWUDGZO,Electronics,0.0,BTLFORRJG,UBNYRKKSQQBBMFOKX,205.26
257,LQAKAO,Toys & Games,0.0,EPSCGSLJEBCNOT,SNRQHMWOKPRLW,205.26
258,JGBJXDLSZ,Electronics,0.0,TDSZO,XFDXAZQDQEYIYFL,205.26
259,RKKMCLCJQVBQ,Electronics,0.0,CBGIVEQCIHIXQ,ZUJBAMUUAM,205.26
260,VTFYJJ,Books,0.0,HUNVPRQXGTOG,CKVPRYBRQADWTUFU,205.26
261,AMXIVJOEVPMV,Books,0.0,BGSFLO,unknown,205.26
262,TRKIPBZYBLHIL,Books,0.0,GOZDCAGIAEO,SXHNABTVCPW,205.26
263,IJYBPTGBASDXVB,Clothing,0.0,JBWGXSFO,unknown,205.26
264,NBOLETGXUJNNE,Books,0.0,LKCTQGWW,JSXHWFWGFMMY,205.26
265,XNBZLV,Electronics,0.0,QPYBEU,EFJTZJYPRCYAUC,205.26
266,FDMDVNPDXYAM,Home & Kitchen,0.0,AWCRUDIKQKCS,AHSDPEEBWFGO,205.26
267,TRFCWMPE,Books,0.0,WUKZNFSU,JSXPVWIXHSAQZRXZOFV,205.26
268,UHSNGNFL,Books,0.0,DSCLDX,RUSBYZGQOP,205.26
269,MWNGN,Home & Kitchen,0.0,APUBZVCPZJIN,CJFBKHNLTX,205.26
270,IVOLB,Electronics,0.0,HBKBOREZYGWSS,RYEFMBSZHKUPZAYP,205.26
271,MTWHNOKAU,Clothing,0.0,PSQMHKRKWINBQU,IZFGMQJKNQ,205.26
272,QSNVWHM,Books,0.0,EAICNRLWNPETTO,RKJUUVYFJKAEBK,205.26
273,CEIFYVBM,Home & Kitchen,0.0,YQLMJGXUGHXOY,MWKFBSYIWRNMLLMGP,205.26
274,YHWATLWKG,Electronics,0.0,RVAJVSCGD,INIFZAXVYY,205.26
275,XKVZPCTNCA,Toys & Games,0.0,FJLNVBCAC,TASVOQTXHVVCWLXO,205.26
276,UOAQBTFHPSACCE,Clothing,0.0,OPTBTPOGYEEU,MEVQUCSFQEU,205.26
277,MTIGDSVS,Home & Kitchen,0.0,IWNSRICKXODUXE,SVKAZMQKRDZYJX,205.26
278,MKMMYVTOUM,Home & Kitchen,0.0,RVWLAZYVTBIVYR,KRADEBZVXLKUPDGUXWU,205.26
279,KSHTHJZPSZ,Home & Kitchen,0.0,VNKUVCIBN,AHSQIMVOMHZLKTMPB,205.26
280,KMITXSPGSLO,Books,0.0,UJSBPF,unknown,205.26
281,NKZJKFBKSFN,Toys & Games,0.0,GDHSJAEFSR,OUFBUXQMMNZWHOKM,205.26
282,FQJACHHT,Clothing,0.0,SWATKCJ,TAYBKNEGXPKZOD,205.26
283,OXGKGDYLZF,Electronics,0.0,QXZPGMLLHHM,AGLZKKYQAOWYUTVYRUD,205.26
284,UENUXPY,Electronics,0.0,AYQSMWOXLUQCG,ENWMSSPVUSAJ,205.26
285,VVYTVDKQGNZKV,Toys & Games,0.0,BYFDPO,OSDUZYDLYUS,205.26
286,WMWRKOYZYVSAD,Home & Kitchen,0.0,NIOGGHSRQRSUHM,XIYVPOISRUGPOWKF,205.26
287,QCPNTMO,Home & Kitchen,0.0,GEEHJEZ,NFQSRTPXCFZQ,205.26
288,YSFJOUVTZFWY,Home & Kitchen,0.0,PJXHSDNHUNL,EUPQPYUIGEIUJ,205.26
289,GVQRQIJJYGPRFT,Home & Kitchen,0.0,WSRLJ,UAGUEFFWOHAJCVPAPN,205.26
290,ALUBD,Home & Kitchen,0.0,ANIZOUVWN,unknown,205.26
291,DKVZD,Toys & Games,0.0,KELPTCEZZSEXR,XGFORKYQAB,205.26
292,GRICH,Books,0.0,XOEHPVAE,JNLQNSJXLGHMFHEI,205.26
293,SDRTKNYRPCOD,Clothing,0.0,RPWJDRQUZMHHLZ,KMAGFHBQQRUGOMYTYNO,205.26
294,QGPNZPGID,Home & Kitchen,0.0,FGZQEV,FINPQLDEKVKH,205.26
295,KBLLDRZUGA,Books,0.0,YSHZSYHYUYS,FGFNTFDYMQL,205.26
296,ZWZMFFLHXVSERE,Electronics,0.0,CFHROXQDGQV,unknown,205.26
297,JAJELVGIVULWA,Toys & Games,0.0,FMGIWSTMOQEWSF,RXVOJAOVBTBDW,205.26
298,OBTGULVRC,Books,0.0,DEFFQHS,unknown,205.26
299,KRLFEZALZKD,Home & Kitchen,0.0,XUVMOQXU,KEOTXPCHPPVDZO,205.26
300,DQBXVB,Home & Kitchen,0.0,WBVCV,ZOMJBFQZHPUM,205.26
301,JYWYUWPNGS,Home & Kitchen,0.0,FAVSDMTYHWEJT,LPGJFERPCCEBADJM,205.26
302,QIZMVEWEJUJ,Books,0.0,LAIXPQR,KCJVIZJMRURV,205.26
303,ZOGOCSJOCFL,Home & Kitchen,0.0,AYUOS,QYZEILLXYY,205.26
304,MSCHHWZTOD,Books,0.0,XXNVBO,SGTXWLIHSUCKLYQGY,205.26
305,UCMHWPM,Home & Kitchen,0.0,VALVO,GGNBPUJNGBZJ,205.26
306,PINMUYG,Electronics,0.0,ROGLJBBFTFXJCP,MVBJNQSLQFD,205.26
307,FBIVXQELAJK,Electronics,0.0,EJYWMYXCR,OWWXPLGMASM,205.26
308,XQYRLYQZNPNI,Clothing,0.0,FZTAJJY,BALYWYXJBA,205.26
309,YWKFOEKY,Home & Kitchen,0.0,ASKMQYTRDO,WBDWNIFWXLLXIO,205.26
310,MKNRYS,Home & Kitchen,0.0,FVWIKY,BWRGITUURCMJQCUIQPF,205.26
311,OIHTADNYBPCZ,Books,0.0,PYHQWWZD,FZFQUJBAKYF,205.26
312,FPXPGMMEYTVR,Books,0.0,KKKZZUUOEFW,PZILIMGYAC,205.26
313,BJWMRO,Home & Kitchen,0.0,IKYWZCTDW,CXSDLDUJZDWKDKQUX,205.26
314,OYWKSC,Clothing,0.0,EKKDPZ,TTMQZMQSTODRKIP,205.26
315,UZNNVMLXIAS,Home & Kitchen,0.0,AZMSFTSFMKSGL,CRQJYEXOTREXOFHCE,205.26
316,VWXVSRLWAST,Books,0.0,YOMJR,OLSGAXUBSMT,205.26
317,EZCBC,Home & Kitchen,0.0,VFHXTVIW,JMEWMIAZVFA,205.26
318,PFMWVVPPCMNH,Books,0.0,XRGSWRAKIJJA,PHFMQZMJFZW,205.26
319,WVUZHUYIAFW,Home & Kitchen,0.0,LLSQG,TWMOFKHNMVB,205.26
320,WKKWMKR,Toys & Games,0.0,KXBPWIJUJCY,EKJLJIBWYD,205.26
321,OAUYGWMLRXS,Books,0.0,NSRRN,ZUFLGYVSBVYSD,205.26
322,SJGRPTFIUMYU,Clothing,0.0,JWMVLIZ,WDNFFIEGMAXB,205.26
323,HPMMQWTEVUQIBY,Toys & Games,0.0,SPUYCLHYOKWMFM,JWFDHNPOMLGOF,205.26
324,RIFKYFFMKNBHCW,Home & Kitchen,0.0,FEGWWSKFYI,UNOWKVDWEWWBTO,205.26
325,CAXSRQTXM,Books,0.0,YRHREFBY,DWHKQGKVJAHEMGXWKLN,205.26
326,ADYMQKB,Toys & Games,0.0,XDSDPAPAXQ,AFKKLATTXFWMLJWGJRF,205.26
327,PBSWSYPVSIAJS,Clothing,0.0,ZPYCJRURZ,HTWIPXBKXSDCOHDKQ,205.26
328,BPLHW,Books,0.0,KIKZI,YAHBWMAVJLKJNNHKVI,205.26
329,BYMFUZ,Toys & Games,0.0,TELRY,unknown,205.26
330,IPKGJJYTRX,Toys & Games,0.0,PIHFQNZUXNDHV,GBYVDMNTCIR,205.26
331,IODHIMIZ,Toys & Games,0.0,ACQTC,PSTISFLOUFENSRZMIT,205.26
332,QPOCYTEW,Electronics,0.0,KYOGEQEAVXG,VYUGULIBCERNVZSUEJP,205.26
333,TOROBMDJM,Home & Kitchen,0.0,HLYZB,YTZAUDEKNYXKXHAGM,205.26
334,IHCPNIUKCEJMDX,Books,0.0,VTNWC,unknown,205.26
335,JXITGBVXW,Books,0.0,NHGECAS,UQEBDRHNMGIDEOI,205.26
336,HGUWNZSEWYR,Books,0.0,AETKNVRTIOKEO,RNOASZAFHDPKDKJQIJ,205.26
337,LWQMBYMZ,Toys & Games,0.0,BLYWGBHIZEOS,NMCNNCPJDTRDBKOKW,205.26
338,JWFCZCRKVTE,Home & Kitchen,0.0,MMFAJYF,WFRRAMAMUEWQPU,205.26
339,VSOPXID,Clothing,0.0,CZMSJMGOWDKHB,JQGOSIUUEYJ,205.26
340,LWCWNQSFDGSQY,Books,0.0,APRKV,UZFYCQLKHY,205.26
341,HSHRPTSJQM,Home & Kitchen,0.0,SLFXYPHGTCWA,EHLVFIYQBARCNMB,205.26
342,JBDYFXRWFYW,Home & Kitchen,0.0,FCSBQPUGWFK,DOEJIRCNJQORQYC,205.26
343,NXKZS,Electronics,0.0,VKGOPHEQWBUGWY,MWQYWPIXULCI,205.26
344,CKFNSZ,Books,0.0,FZLPKVQJW,YSVMBSRLREZTTH,205.26
345,VXGHSTPVG,Toys & Games,0.0,OWTDVCNJFKDJPX,PZBMAEWULDEKJHU,205.26
346,MAHXVDCCVMHGA,Home & Kitchen,0.0,HIDQJWMWU,ZGNKRYRVHBVUGZENNC,205.26
347,GLWIKJUARD,Home & Kitchen,0.0,QSQWUDWYF,WQXHTXCOESBUHIE,205.26
348,IQCPEPCTO,Clothing,0.0,FJYFIMPPSEKUO,LCXSPYZPAQUT,205.26
349,TNPQXTW,Electronics,0.0,HOKMWBBWZLZTVI,QWQPFZRNTHSI,205.26
350,RVNROO,Home & Kitchen,0.0,TOGYNQZBIMEDWU,VRAUQDPXLMBVLJ,205.26
351,ORDWHOCOMI,Home & Kitchen,0.0,IXPSZ,unknown,205.26
352,XHTQMA,Toys & Games,0.0,CGRYTGX,HLJMGXQZLFWGMNYWWM,205.26
353,OLNYBR,Toys & Games,0.0,XDMJBSNFZ,SMVIKJCSGWEXXOB,205.26
354,GWYFNHVBQE,Clothing,0.0,LLWLKNDMHX,ETGDEXEYJRBOIBC,205.26
355,XTUUVCEPRZQKQ,Clothing,0.0,CNSRKMWFWRT,TXXBBSNRUAGHLDW,205.26
356,WBDUGBFQGYEETP,Clothing,0.0,BGEZS,GRRZJJFXLJMZLSAAKR,205.26
357,IEHIEJY,Toys & Games,0.0,CTJJUH,VBFPAIOPNGAPIYKJKFB,205.26
358,IKDVVV,Toys & Games,0.0,BCPDWFMFJWQHI,LNHYDRUMWNT,205.26
359,WFNARG,Electronics,0.0,QTKRVC,OTXSNLVOFSBFWWZKAV,205.26
360,AAXDD,Books,0.0,HGGWUHTECSBNU,MIORDVDLIRZFQYQMLN,205.26
361,KAJIWD,Books,0.0,JTJQBA,OIAQJWZEKCYBVDUBA,205.26
362,PBWRJXXQMX,Electronics,0.0,DAVQCB,CFNYALUPTSRNCNQMAH,205.26
363,VMQEKG,Books,0.0,DYCLVP,BSONNROJRTDGBI,205.26
364,QORWVSZBZDCGXR,Toys & Games,0.0,SJUYCXFNLHBINA,DLWJKAMGFIXRCMCM,205.26
365,GHFVZADNQTRKUZ,Books,0.0,TFTMKOR,unknown,205.26
366,OLJSXSFTXFHAV,Toys & Games,0.0,SFOUNEK,ZQGIOJNPBDUOKUKWZX,205.26
367,QXOGS,Electronics,0.0,MMDIWMHT,UBBEEENFPPHEMCIDHP,205.26
368,YWCVKTSIJB,Clothing,0.0,AIYBDDA,KWSJVGLWHJEEMBLKBO,205.26
369,PRWZQ,Electronics,0.0,NMHFQW,GHCQTFVYOMWML,205.26
370,NWYONXVCXW,Books,0.0,VHKUBTKNXMH,JEUEUTFLQPRYVFJTUI,205.26
371,YLBCRAT,Toys & Games,0.0,VIZZJKKPR,unknown,205.26
372,FEASAUUPL,Books,0.0,ICVDTSJMA,YLBORPULRNZULE,205.26
373,HZPADJKQYW,Books,0.0,EBQQTODVKWAJ,DRXQPJQLLWDCALHH,205.26
374,LUGLOBNMDNN,Clothing,0.0,OSYDFB,PBDWDKCJLQIUB,205.26
375,SBJRQELFVIT,Books,0.0,MORKEY,RLFYRMOAWHRTXLT,205.26
376,VOUZF,Clothing,0.0,PNIFIEKLQF,AJWSZSKWVCNRFZWIYI,205.26
377,RFMAWWZ,Toys & Games,0.0,YFOQVCSW,QDDZXSPQCVGYEUCLSIC,205.26
378,OLZAODMWYEB,Toys & Games,0.0,IIGYPF,PYTMFAKRCRKZ,205.26
379,ZAPWFWPNZCO,Clothing,0.0,ZMBNEKOFFPTDE,LULQAKWYOIGK,205.26
380,WBAIIWG,Electronics,0.0,MNXMJQXRGD,WYGROPOWDXC,205.26
381,ZRKGIAN,Toys & Games,0.0,VUPJZUTSCSWX,CWPOSJUQDVRVJW,205.26
382,FGJGZBDU,Electronics,0.0,RSRVSVDMLOZO,CLZSUCIGPUUAYOBPG,205.26
383,AJSOJ,Toys & Games,0.0,VSUHSYIGHIQOPG,BXXYRAPICZMBZRBH,205.26
384,LXPIOQN,Toys & Games,0.0,SFYLOJXRDKEMJV,unknown,205.26
385,ZBDRGM,Home & Kitchen,0.0,KDDEYIAPEEG,PFBCISJWMTMYTZ,205.26
386,WVZAKJYEPKUFI,Books,0.0,SARVKVPUKUIG,unknown,205.26
387,HNXAQXEYBYXI,Books,0.0,OKWSGPCPHZ,OEGQTFMXWO,205.26
388,QQURPHZK,Electronics,0.0,ICGHCPVNGDFGLG,XGMDVRHSPTRPPYBN,205.26
389,URWXJMQRJ,Books,0.0,RKKQY,SPVDMHCXCEKMBFG,205.26
390,EMRQINQD,Electronics,0.0,WSURUXMJSDX,DIRNXFTBDOCDDOKWQ,205.26
391,TXXOKL,Toys & Games,0.0,ASBJRD,UCWWXJDMYBFSXHFTNH,205.26
392,MOOEWSZTZYZZN,Home & Kitchen,0.0,JZUDXURTWD,LIGYMPHNPTFWDDZ,205.26
393,RUCBA,Home & Kitchen,0.0,RITQCMGNZY,JFRMKDHCLMXW,205.26
394,SQLALQXCKQWZCH,Toys & Games,0.0,NNNTRILNXW,KIDKHRCDYQPGBEAV,205.26
395,DUVGNNDP,Clothing,0.0,PRXIYH,unknown,205.26
396,VAQYJVPPZHGF,Clothing,0.0,EGJVK,IMSLPEBCMUGMPV,205.26
397,PGINKZZN,Books,0.0,ZFDCD,MNIHYYEWGPJ,205.26
398,AZYMTCTDZKB,Electronics,0.0,FYEIDNODVNJG,YVCXQJKTJRUWADCTFZ,205.26
399,LZLAM,Home & Kitchen,0.0,TOHIEF,QSQQQCNBDWRBLOM,205.26
400,BLZUPDHBJIWO,Books,0.0,LGGOSMRJHYKHHO,IOCJHFNFSZIITPMM,205.26
401,QPBTTNCWLHB,Toys & Games,0.0,TVXMRL,LVUTBDGSCKSYNQEYNGL,205.26
402,NPSBLNFM,Home & Kitchen,0.0,QFPXXWWNJYBM,TVURAKDLZE,205.26
403,VRLTVUSH,Electronics,0.0,RNCOI,CZOHVKLCFZHGQ,205.26
404,PSFTUKEPGEK,Electronics,0.0,MWEEVBAQSQIJOM,QMDJPSGRMDURPYR,205.26
405,ZEWUEIO,Clothing,0.0,YUQWGDCAG,XWVXUZIBFZWYUFY,205.26
406,FQZUHUY,Books,0.0,ZQQOCCBHM,FNKQDDSXVWPYHSTADLY,205.26
407,HJXCWNWNJL,Toys & Games,0.0,FEMVARGQHSPN,SBFTVCCAIGIAHR,205.26
408,LWNBIJZQQC,Home & Kitchen,0.0,WJWBUXPY,QGKEMKCMTZFV,205.26
409,ALGDJMB,Electronics,0.0,RTKEVVMAF,WBYNBEPHHKM,205.26
410,UVYDRESBLQJBFH,Home & Kitchen,0.0,APMUPOGNXKMERC,WHPPXUJBRUPDT,205.26
411,KYLIBHZ,Toys & Games,0.0,ZTOASJNOBYQ,YHTWHNPFRHSD,205.26
412,DJUTPHDJL,Home & Kitchen,0.0,JEFFFYNMMYJPG,GHIAQGTJXUARZ,205.26
413,RUVULRGTXW,Books,0.0,OWEYHZV,RYMGBGJQUEID,205.26
414,IAZFFVLVLJW,Clothing,0.0,ZBSKKCMTS,VONRJPVWTJIPE,205.26
415,FQSRFXSJXHUXFU,Home & Kitchen,0.0,OFMXRRAUWYU,YAXAZXEGXOKL,205.26
416,GXARXYTLPJJNY,Clothing,0.0,SHSWP,QWQDVBJEJJ,205.26
417,JJZYKWBY,Toys & Games,0.0,CBLJVBZUEEFCJE,KFUJHKTXSGULUFLEMQI,205.26
418,HWGHAUBR,Clothing,0.0,TEOQQXRZJWGK,UQSSHHYZOGFPH,205.26
419,EBTCS,Home & Kitchen,0.0,QBQQTXJXLLOIR,JZJXSBIAJZRW,205.26
420,VRNXHL,Home & Kitchen,0.0,NDCLPDDCIXN,LEYYKTZNOB,205.26
421,JWTQKBZZD,Electronics,0.0,NLLBSMJWUAAHFT,DSMSMWLBERWWSCXWDR,205.26
422,OMHYD,Home & Kitchen,0.0,MYYLTPK,KNCEGTQSCAHT,205.26
423,SRESZWVPALXBUY,Clothing,0.0,DHGPLFWFKLPV,CTQMMDRZFBOYBT,205.26
424,RYPEZVMSCZHZ,Electronics,0.0,PDLEIRIPUZA,PKQWAMHCNXXZN,205.26
425,LBKLRMEVLBEGZZ,Home & Kitchen,0.0,ESCAWNRHNTT,UNSKLYAANRZVBDVRDWQ,205.26
426,LPWHIOEMEKJT,Home & Kitchen,0.0,PIGCTYAXH,ZJGIWPQWYXPPTUSJZB,205.26
427,UNROJXGHCOPDU,Toys & Games,0.0,MVGZTTEDDYF,GXBYMDORGRGX,205.26
428,ADKLZEWUPM,Electronics,0.0,CZXCDVI,LABRNWFKYSHUEZUXGW,205.26
429,GHMWP,Toys & Games,0.0,PSPLFTUUCU,OVAVEQMQSDQLZ,205.26
430,HPUJYLLZ,Toys & Games,0.0,GYEIOUTFH,RKDLIXRIAFSAHFDC,205.26
431,PAILEVTVX,Toys & Games,0.0,EZQJAPXW,BMUOHLHSIJUWYGJCBGJ,205.26
432,EBNBMGJ,Books,0.0,YACFQVBZE,LTQVITCVVDGRQVCCM,205.26
433,NKJFDUAGXIHESJ,Toys & Games,0.0,ORQNMTBYLKSLYD,unknown,205.26
434,OFOESVSJLVDRP,Clothing,0.0,LGWFHKFYUCUTSA,TUKRQIUXNCTTV,205.26
435,DYWLBDECIURK,Home & Kitchen,0.0,DSTQVSXNJUIY,unknown,205.26
436,YWBINDI,Books,0.0,UWWJCG,AQQDNEDFRUMFOE,205.26
437,OJPLTE,Toys & Games,0.0,TKWXCRYLWQZ,XRGFZHYXEDSJIWA,205.26
438,JAGZQP,Home & Kitchen,0.0,IERWIMCDYRTUOT,LSMVOBTLRUDT,205.26
439,CNJVGZQFWVDQ,Electronics,0.0,FIKMDOYQLFG,MDNURFAJRSBOC,205.26
440,DGWBQXHWOOHPS,Electronics,0.0,QKLMARVSKVRJF,SKNPJQOKHHGTLUPPJ,205.26
441,WXQZPY,Home & Kitchen,0.0,VBEJONFNXYU,VGDXBIOVNLQQMHJ,205.26
442,PLDCVQVR,Clothing,0.0,DZLUQSPRFIZ,MGCXOXGEHUQHGGBKLLS,205.26
443,RWQLWUXDLZWVU,Home & Kitchen,0.0,LKPBRFZ,LZFFSUIWIRJJ,205.26
444,OWPEUOQR,Home & Kitchen,0.0,EIMGWAJZRL,unknown,205.26
445,MSMRNDDTT,Books,0.0,ENOLDXP,KESQRVNJQKB,205.26
446,MLGYLUD,Electronics,0.0,FYPBMHLU,UANKKJTUEENZYYEFXPW,205.26
447,BEWJJI,Electronics,0.0,FCOHBPMAKAHBMU,TPSTMSMHFVQEHRS,205.26
448,EZJJFSUHAQG,Toys & Games,0.0,DYBMDZ,LMDJPELPWOUBWPKVIB,205.26
449,UQIQEZYTH,Home & Kitchen,0.0,ZOZULLEJZ,MMHJQXUAPZK,205.26
450,KSDRAMNXAK,Home & Kitchen,0.0,HEVHXM,FLPZKRBQQT,205.26
451,DZLJF,Clothing,0.0,WOOXZKWJFEEHAB,DFXOKRQBMZFKTG,205.26
452,AGZUPXNWTTFVY,Electronics,0.0,ZGYWI,QMUNIMFVAAD,205.26
453,XUROFYSAA,Clothing,0.0,GJPJGZZB,PCFZAKJRDFS,205.26
454,JUCIHCY,Books,0.0,HNRAQQ,JTWEVYPYVBIKBRBNWD,205.26
455,MWTTLMBUXW,Toys & Games,0.0,EPGOSUBPYI,HAADRSJRJIVGFAESO,205.26
456,FSUMQWIQBSS,Clothing,0.0,RJXTUDBN,XNGILQRBQXTGJOAXKHZ,205.26
457,GVJJTIQOBDSQ,Electronics,0.0,AHKAEYMQJW,YOUEEQZBARYI,205.26
458,GRUVGQGDH,Books,0.0,MUDYUMAYKUI,TMBVMYHJTFKNYJ,205.26
459,FYELDXID,Home & Kitchen,0.0,ZGVYTOOULQWF,KDYXCIEAKHUEBIFKJLC,205.26
460,XNERJYS,Books,0.0,AMGMGHRQPQH,RWLKBUJMZMOYMIFC,205.26
461,QXKCWQ,Clothing,0.0,YRDXVBPZRWY,TIDTEVXLQEYZD,205.26
462,OIOXC,Electronics,0.0,NRSXDVNBQFHP,IQXHEJRWNEOEVLJHA,205.26
463,SMLTAUQMAJ,Clothing,0.0,AZRCRYJBS,PWKIJBTKTKGU,205.26
464,VRPNRGQRLHV,Home & Kitchen,0.0,KSXXCJPZCXSTU,WLRXVEOLARFFKY,205.26
465,GDRFII,Home & Kitchen,0.0,QHCGJSYOZOE,AWPCXFCSHVBSOVN,205.26
466,SCRENDGTYLBK,Electronics,0.0,CDOPEUH,DXSVGPHOTEVALISR,205.26
467,WPTFWDOXYA,Toys & Games,0.0,VUBNEGKCLNWAVP,KKTTZOYWYQCZKZMF,205.26
468,YLJELRJFLGR,Books,0.0,WVMZO,unknown,205.26
469,JOLZQD,Books,0.0,IEWLQ,GQOYXGJRKVNDCX,205.26
470,ISWGWBFRFMZ,Home & Kitchen,0.0,HOYBVJUVNEQR,CUYZCYTLJTRLX,205.26
471,BLONFRE,Clothing,0.0,GZYRLON,SSQHKEEMDMPLN,205.26
472,CCVVJS,Clothing,0.0,QADIDSZXYEROTZ,UIFYHPSBFBSSMQ,205.26
473,LPQGMXB,Toys & Games,0.0,BYMMNOULWECR,HIWEHIPPLYYKRM,205.26
474,JGXQTFSE,Clothing,0.0,NBRMBLB,RKKECYBOEEUP,205.26
475,IMSUXFDXCCDYEH,Books,0.0,EYKMUQXPSZZO,ZGBNRYLQYF,205.26
476,CXLYHMDNNM,Clothing,0.0,FDDMIJ,UUVGYRTKEFGCCY,205.26
477,QDHQCQIBYM,Toys & Games,0.0,CIAOOGOGMLRG,BTDEBPLODCNMFDACXL,205.26
478,BTKZVOKW,Books,0.0,OIFZZISXTPP,WRNEWANLAXBL,205.26
479,CZLXETG,Clothing,0.0,WMSDS,OPSEBFHUGUMFI,205.26
480,MIYUMLMXJAY,Books,0.0,JMAMJOOGZN,KAJYPSJONCDHATOGLCW,205.26
481,VPMCCXEZKGUX,Home & Kitchen,0.0,SYROZZILUVNB,ZYHKSLTGNBZVYL,205.26
482,JTBCHKMGMBFITY,Home & Kitchen,0.0,VENDXBABM,VLFFZVSTFZQQWQUJKH,205.26
483,RPYLGG,Home & Kitchen,0.0,QYMQEXYY,NSRORTYYQEYDKPG,205.26
484,MKFWN,Clothing,0.0,VVLIRPSVHGXU,TJKOLWPWRGNIVFK,205.26
485,FBVTYOQHEQ,Toys & Games,0.0,VLNJPBFKDEEQZ,RLFVIRYUOIJZBNU,205.26
486,AVROEGRF,Books,0.0,ZKIOXXCPI,UGOGLGEOGVW,205.26
487,UESJOJPLRW,Electronics,0.0,ZWFIVSFKBRGXW,BYBSIBNOXLSOFY,205.26
488,PVFCB,Home & Kitchen,0.0,DXYGQDMTZ,JCIWEXVGSJKFSGPZVZL,205.26
489,MIPEWU,Home & Kitchen,0.0,DYMABGY,XVRNZPZFAMFFFLITG,205.26
490,MTXZMZGJOUF,Electronics,0.0,QGVMQABFLMT,XOBRUAAKCVJL,205.26
491,WBUOZPSIV,Electronics,0.0,VIQRHHKV,XGQQDAAZQKCJBPP,205.26
492,SGDCXTKAFZKAUG,Clothing,0.0,HRRMAOVFFM,HGJXDIEGDALPPHYMIJH,205.26
493,NBDKORACCG,Books,0.0,WSQANP,CEGPHAUCWF,205.26
494,YKFTC,Home & Kitchen,0.0,SHOJWBRTBULJL,RUUQLPLDYI,205.26
495,BRLJEIB,Toys & Games,0.0,BYABWUQTHUL,WKRAPRMTPVPCRW,205.26
496,FJRLDV,Clothing,0.0,IQQJME,YKZMXBCAAOVCDZLXU,205.26
497,QOFPQCJEN,Clothing,0.0,VEVFIIUDAVWWO,YNBCURHBTPNSTDF,205.26
498,UMZFLZHEOPAPEC,Toys & Games,0.0,FHCQW,LZJICANHWRULLJDYTEH,205.26
499,OMXPWKUB,Toys & Games,0.0,ERGQOTXP,VFPWIKCNEUUF,205.26
500,FZZFNYKHHA,Toys & Games,0.0,OWWELJSJGXW,MICFTWHDZF,205.26
501,GFUHSVUXT,Electronics,0.0,OIFUKFZTOM,GZPGYXCMTIKGWOABAOD,205.26
502,ZNRYPIOZJVPD,Home & Kitchen,0.0,TUOFPAFPVA,NEUAOGPVXNOOT,205.26
503,MVEVGWIH,Electronics,0.0,JUHUZERDTPJ,SYZGROMSRD,205.26
504,PFNUAYIYXM,Home & Kitchen,0.0,PHSAWIFMMRNBPQ,DPNNGMXNJMF,205.26
505,SQKHWEJGJDIZNB,Electronics,0.0,PNMPXAQAJE,FKSQYCAPLNRCXHRPOV,205.26
506,IUAWJJTYVCFZF,Books,0.0,DAAJCEMUYIY,PWJKSXSJVQX,205.26
507,BZZRWBLVE,Home & Kitchen,0.0,KYXNHXXUJCDY,AGPKURABVBFXHVUT,205.26
508,GXPTAAQA,Clothing,0.0,LIKKPMNGLXS,unknown,205.26
509,TMIOCNWKX,Home & Kitchen,0.0,DVQBWVMZUGRJ,JDJRMVQNZSR,205.26
510,LMZMAXJCXD,Home & Kitchen,0.0,UHVVUZMN,HRPYKQRSRNQHOQUK,205.26
511,PQSVOPOYBKAO,Home & Kitchen,0.0,QLDIOORFB,WSPLOKGXJSEQYXS,205.26
512,SDKECMJKRBGIJR,Books,0.0,EYLZELYOBKWXS,ANQNFVYECVXOG,205.26
513,GGCLGQZAEPO,Electronics,0.0,RJEYU,NCNQDFTEJGOUURADKJM,205.26
514,IGDTRU,Clothing,0.0,AMBQO,SVJRIITLXNBJRFBQZ,205.26
515,MAXCPVDY,Electronics,0.0,BHEQDLRFEYSE,RUNVKSPHRZC,205.26
516,YPZSAESVXKM,Electronics,0.0,WYSDMMQRSZWWQY,UEVDZGXTYFXYQ,205.26
517,EUDDDDTU,Toys & Games,0.0,MMCBOCV,OWJBLKGGSYGNLJ,205.26
518,RPIRVB,Books,0.0,TBOHMAZXBITTWS,WGFTXBMPHMNEWC,205.26
519,DLGOGVZUQ,Toys & Games,0.0,STJSZXIECWSVDW,YWMQIGRUKPZRGYDS,205.26
520,INQEBTP,Books,0.0,MGLTNMKFZG,XXXUKMFMBVNMECX,205.26
521,CZGZO,Electronics,0.0,XZOICEJOCURCGX,NRKSBBCWZPAJF,205.26
522,TBSISER,Electronics,0.0,NPSDCCIDV,SLTPXBOWSA,205.26
523,LGNWLCEQ,Books,0.0,XKODHBY,unknown,205.26
524,JJKQEMJIQADDRI,Electronics,0.0,CCUSLX,JSZRHHIMYM,205.26
525,RNYOFXJODRRYQ,Electronics,0.0,WMPQVRMXZMHGHQ,GGTVANFMAUT,205.26
526,PKNCSRJFMJR,Clothing,0.0,ACDSBKKSYBES,UUCZORWJOHEIASH,205.26
527,TZPYYFMDWNATEH,Toys & Games,0.0,GZLSRRUIBBOXP,RZIASNNDGTKBRJ,205.26
528,LEVEMI,Toys & Games,0.0,OCFFVUT,WNYJRGXSDN,205.26
529,ACRLCZYIZBCNDY,Toys & Games,0.0,KDNMOQHKXKPCY,DFXZBAWQDERZMTZKWT,205.26
530,MGLCWWI,Home & Kitchen,0.0,OMGELCZLESS,LMZDLFMNLU,205.26
531,VILLOB,Clothing,0.0,TYLVV,BZVLFVDXAZHHU,205.26
532,MNEZJL,Toys & Games,0.0,URUPKJCZRL,unknown,205.26
533,XKYBEGFVWCMCZY,Toys & Games,0.0,JYGPZICB,BNQQKASAXXYDXGTAK,205.26
534,UFKZQJLQDBKG,Clothing,0.0,FJDDJJMFGZEOH,XHLBWATNOWDT,205.26
535,ZRUDHT,Electronics,0.0,LQPADHXFUJZRME,AENFWGLGRVPIGWNB,205.26
536,URKHBYOIST,Toys & Games,0.0,RHNOZEEQM,YSBFLBQZLTIZNCCV,205.26
537,YSEKOHSWHZSR,Electronics,0.0,KAXMZ,HMZVHHGETAMVHKT,205.26
538,GIASESAOPWGZLH,Toys & Games,0.0,XFMUVT,SUGPLKYIGTVNDCIE,205.26
539,JUEQZEVOM,Books,0.0,TIMOXKX,CYARMDRIGOMBKDVRY,205.26
540,KWAKR,Home & Kitchen,0.0,EVNOI,BLDNPUDLSSLO,205.26
541,UZPMGA,Toys & Games,0.0,ZVMQANLGCWUAXM,SVOTWGDAIGVE,205.26
542,PAQFBQFNRFJXRI,Books,0.0,VBIRVZDPFTCKX,IZFXWLMAOPBIJTPOCB,205.26
543,JQWZFNVVFZGL,Clothing,0.0,AHSDICEPH,PWICQMPYEECMHHQOD,205.26
544,NVSWPGH,Books,0.0,CPHMEFCHDY,unknown,205.26
545,YMUIJU,Clothing,0.0,QYHUSNILM,NCHJIXOXIDLSXANJA,205.26
546,IOTBYMBSZBC,Toys & Games,0.0,HCVOTSDBEXU,JCZPRYLUSIXTZ,205.26
547,CJXFWPQSCR,Clothing,0.0,GXKLDC,EHGSVVROAGSEHE,205.26
548,ITLECKYDEAR,Books,0.0,ZRWZXEPWLIHE,EKGBQKTEGAIKLJ,205.26
549,BEMPPXCVDKWZN,Home & Kitchen,0.0,SOVTKTMW,VKAYTEOXVJLNS,205.26
550,PVOJIKP,Electronics,0.0,MUQUPVQSVNWGWI,XVLRUSDYSUNHYWDYPLR,205.26
551,QSBXWBFSHZCZNY,Electronics,0.0,SWFAZG,DPRSPUCQCMF,205.26
552,UCVZR,Home & Kitchen,0.0,DWTVNK,unknown,205.26
553,FWUYAUJFWLDMQ,Electronics,0.0,ECVTYBJUYJGOE,YSXNOCXDQN,205.26
554,ZTCLGLBXNVWE,Toys & Games,0.0,RTFWKHDYGBOI,GHPVPNQEICUVETR,205.26
555,UKECQBXAGNESK,Toys & Games,0.0,USYWSESCLGY,JAQHTQREGEJFGC,205.26
556,YBHICBGEUZE,Books,0.0,LDTSMOXJA,UXFBYBFRJGQDLHIJSIX,205.26
557,MUTFTRYB,Books,0.0,RPLPKKW,PAJPUWUEUCVDJ,205.26
558,ZFIYCAASEMSLP,Clothing,0.0,NQSKDJWSDK,TVFNYXEZSTU,205.26
559,YSCLEBVGMYOVC,Books,0.0,TIVBAHSWPND,LYMTXUPOKE,205.26
560,TEXHVAHXR,Toys & Games,0.0,YVVFOMS,XMKJOGLRFIP,205.26
561,PRTLMMJG,Books,0.0,DBCNDPKMAM,ZLSWPDTPGMWLAKQFB,205.26
562,NXPOLIHRWRMRO,Electronics,0.0,EYFXIFWFVBU,BRXXMVSUGUPW,205.26
563,QEVPIJXR,Clothing,0.0,JETLFFHXZQ,unknown,205.26
564,RGDZE,Clothing,0.0,KAZGHC,MNOIUXLVWS,205.26
565,PCZRWUNOQAY,Toys & Games,0.0,PWHFXBW,IZMRDTATCKBFCJYINP,205.26
566,QWYKQZNTS,Books,0.0,FNGIGOLQO,XRVDZRBJLGPQNXUZX,205.26
567,GXMRWNAGH,Electronics,0.0,NKKTMMHGT,ABNFODXYIOE,205.26
568,IAVQSF,Books,0.0,FHSEJAZ,unknown,205.26
569,XEBTYDJ,Home & Kitchen,0.0,XGHRGNTRYUWDJK,MJMVEHUKZSSDJXI,205.26
570,XUKPZQPGPCZPHL,Books,0.0,SABIQEBD,RIFFMVQOIFWQECYP,205.26
571,QURKDPQ,Toys & Games,0.0,UQCZIAZTUPZ,TCISNNQHQQG,205.26
572,FXTYBIUFCTFGA,Books,0.0,SPAVLTX,DJDUEBOYZYIIAXXLMT,205.26
573,AEFMBOOMZYN,Clothing,0.0,CGCMPNIHOS,QQNQSZCDKPMRKKIZYZW,205.26
574,VGNZXJQNHDZPXM,Electronics,0.0,CDCYMP,CNPHYPDIDMB,205.26
575,YTRNREZICH,Toys & Games,0.0,RHGQVFOIJHGWER,unknown,205.26
576,VJVSUCKK,Home & Kitchen,0.0,UAZFOBLAOMAADU,QEGEHAYBPHUZOWKPGQX,205.26
577,PGDWS,Electronics,0.0,QMLFSTPUP,ODCKBGZONUGQ,205.26
578,EORKZLBTO,Electronics,0.0,TZMARBBZ,RNFVSJQSTQNGSXGLFHI,205.26
579,DVRFWZSK,Clothing,0.0,JXANH,JYZUPQAGVZI,205.26
580,BHKERWRNVJCI,Clothing,0.0,NJSYH,ZJJJGXOJPP,205.26
581,KLLCUGN,Clothing,0.0,DXLIWA,unknown,205.26
582,KGYUJKOSPVUT,Toys & Games,0.0,QPOIHTZNLODD,RDEUDSTSCTMYYXT,205.26
583,WMEDNH,Books,0.0,BDTXROHJBY,YFXTXFFVYQQ,205.26
584,YSCEUZRAHSQQK,Electronics,0.0,PVZLEGOMHXSSE,QZITBSIHSMXDFD,205.26
585,FVNCLD,Books,0.0,RUQGNOWQC,JPYRYSUWLNRTAM,205.26
586,BOWQGN,Books,0.0,MKYCFFVUFFZF,NVRXWSAOPJTD,205.26
587,NFSXF,Clothing,0.0,NKPVSGFKYDAV,SKROBXMWLNALMY,205.26
588,XEXXFB,Books,0.0,MHBPSHLKIXJAS,CAKDZKBSLMQS,205.26
589,OOKVVXARLLYK,Electronics,0.0,QWDLWTHVZZPX,FCKVLLRNKXUQV,205.26
590,GWUBKVJCTJRN,Electronics,0.0,IKLIF,DZHXKMXLEPAI,205.26
591,XHJVMU,Home & Kitchen,0.0,FFTCCPBDIGCXM,HCVGDOLZWIVRVMCGSH,205.26
592,DDEAQBHGOZYE,Toys & Games,0.0,ALAIYGCDGYOXX,unknown,205.26
593,GHGGNU,Books,0.0,FVEKQ,OFVQMTQOGWVK,205.26
594,FDJRLP,Toys & Games,0.0,LTJGOUR,TSHRJRQICOX,205.26
595,GFECLOJZTSPKH,Toys & Games,0.0,AVMXDRL,LQFXVIJCFZMNDJSP,205.26
596,WGWGNBJ,Toys & Games,0.0,ZDESIGYG,GWELOAVFSEIGXIVPE,205.26
597,ZIPSRIP,Toys & Games,0.0,TUMWFISXPZKDYA,UUOOMTRWGHHKXIFTBEV,205.26
598,YTNLYSGWOPHJDS,Electronics,0.0,LDEFNAHOL,VDTOGASZRBWUMNCP,205.26
599,UONAPJS,Books,0.0,WGIKWHD,NOYCBCIHSTUTOLNRYB,205.26
600,CEIRKPBLVF,Home & Kitchen,0.0,TJHNDTZCCDLRSK,KYXASZNICNTCWY,205.26
601,LBIOBAJBLWHE,Toys & Games,0.0,NKNVCB,YBBYOWUUMYTKN,205.26
602,AOFLHMSAKT,Home & Kitchen,0.0,HEIEUMKKTLSMZ,VONSBDYHLM,205.26
603,HEQHY,Electronics,0.0,DGEGHNXJFEOPB,RQMLGZPNEKXUZUHI,205.26
604,BIXWCRGOUVTRYC,Electronics,0.0,UXVXMQOYNYSM,HGHOSDGUWVD,205.26
605,NXBNVKPHGKC,Clothing,0.0,GHGSOGQUY,LFFNFAFRZUP,205.26
606,NFHVE,Toys & Games,0.0,SYCXVG,ZAUYSRZBSQRVXDRE,205.26
607,BOLQAONTVPIA,Clothing,0.0,JGZKZCUVI,UCKTUNGRFVFW,205.26
608,MUZUE,Home & Kitchen,0.0,HXZVLHON,UNLYNOYWISLG,205.26
609,FXSYMATYONHJIQ,Books,0.0,QTKVOYMDV,NONWSSNWHM,205.26
610,CKLJYQQYKVDGU,Clothing,0.0,MKEYZNVCRCFZHX,unknown,205.26
611,NGXHAXVDLXCMTF,Electronics,0.0,QAGRDJEHZ,EUTZXAKYYUQLRBVJ,205.26
612,DTPGVKXAZGL,Toys & Games,0.0,MQYUDJUYHJMLU,SPHBEDUDAOMQFXWTMU,205.26
613,WGJPZHIIBMM,Home & Kitchen,0.0,UAICQUJSFGKPDD,VXVXLLTJBOSUDUNAA,205.26
614,WDYXLQBMROH,Electronics,0.0,RGKEUR,OKRXJDNVRAG,205.26
615,TJLEI,Books,0.0,BEESBSELMVT,DRIBEFCSVUEUI,205.26
616,HPNYMWUMEPZ,Toys & Games,0.0,BVNYZETYVLD,TFEFOKXVVRWSLLGPL,205.26
617,EMKYSCOGGF,Books,0.0,PYJCV,DJQOHNRZHNWPSG,205.26
618,MGEWRVH,Books,0.0,FCSGI,EMRRSWRTTQ,205.26
619,TANQJ,Toys & Games,0.0,LNAYMUBCKE,DQSHTAGHEIGDYVHB,205.26
620,WJQRTPQPSXXH,Toys & Games,0.0,NMNCHM,CEXVAGJPAQDPIH,205.26
621,FUIDZLLWQO,Books,0.0,LRRQGVMMFU,SVQJQVUPVIEBNQMMMRX,205.26
622,GJPLYGROFZLKT,Home & Kitchen,0.0,XSUXPCN,VUZYDUEKBB,205.26
623,BFXVYER,Toys & Games,0.0,FQPBWIMNZ,PCFTDEUGGQFDBFGBRJ,205.26
624,YZTVKJXYLUFT,Electronics,0.0,ULTKSJRC,ISSXBYWXYLSFXAOV,205.26
625,WIZPVNVHT,Clothing,0.0,NXQEQU,NXYMEBOPGVFQ,205.26
626,NGERBKV,Home & Kitchen,0.0,YOLQZQX,unknown,205.26
627,AVLBRGZQVWNX,Toys & Games,0.0,GZEBPMK,QANVWEXITQFAR,205.26
628,VYCFTBQLLQJ,Toys & Games,0.0,WCFEAARWCYS,TFHSOVSBDDLRL,205.26
629,TRMLQDW,Home & Kitchen,0.0,TKHTWKEVXDMFZB,unknown,205.26
630,KFFIOBDEQHHVLU,Clothing,0.0,YZZFVJWDPWJAM,OVWNGSJTYK,205.26
631,SCRUSSOFPHPR,Books,0.0,LMANHZVNAQP,unknown,205.26
632,PKGQQLMJ,Electronics,0.0,WEUXRDTK,QDIBJTYIHRKS,205.26
633,NWAQDUETXWY,Toys & Games,0.0,VZIZYTJGSVAE,RSQTVQOPQHWGWUD,205.26
634,JQGAGZXKILC,Clothing,0.0,LLUNGTUTNP,KCYBAXFNDPJYEKAQ,205.26
635,DYMWSJEG,Electronics,0.0,BQDNNOLMVJPOH,NAFGKJUCSBLLANKH,205.26
636,PALBGKMBGOYK,Home & Kitchen,0.0,ANISFPZX,RMDPCDDHKCSFCUDDBP,205.26
637,GDKBPG,Toys & Games,0.0,WKNKZNYAK,EOEWLSOFAEUYUXSKVN,205.26
638,QULSGFHME,Books,0.0,RQDVNHOPAAJB,YVEIQSOBIKV,205.26
639,IKXFZG,Home & Kitchen,0.0,LDWSAAITMKSUQ,unknown,205.26
640,GSFKKGBSDZFQY,Toys & Games,0.0,TMVYSTU,unknown,205.26
641,GIYAASFRJ,Clothing,0.0,ISSWYAQNLBVC,VLNCDCLVISPA,205.26
642,AMETA,Electronics,0.0,ECNXXRECWBIR,LETCWBKTBPZHCUDU,205.26
643,CRINQWND,Electronics,0.0,VSCZRN,HFNOQEALSLKVI,205.26
644,ZUQVYBWVE,Toys & Games,0.0,KUWXXLCFP,DMJAJRMGHQYV,205.26
645,DFTUMVEW,Home & Kitchen,0.0,TZFTNXIQL,PTDWQMJINQ,205.26
646,ZWGTANXDQUNPN,Books,0.0,TVHLP,CAATBPINACRAKYEKFXG,205.26
647,THXCYSABOVJR,Clothing,0.0,CLDJB,PYCZOHVXTPQMCZCM,205.26
648,NQMAEZMYNX,Toys & Games,0.0,CTTAEEBOAUEGK,NELPFIPXDF,205.26
649,OSQCPNL,Clothing,0.0,JBNXUEPYBJREQK,AYHFCUNYWBPV,205.26
650,HQUYW,Electronics,0.0,UXFVPEUXP,PKKPJQLEYLCSJPYSKY,205.26
651,KYYBJJKF,Books,0.0,IVYBS,OCXJLISAMYGVTUGYFLD,205.26
652,XLKWWZYM,Clothing,0.0,EBKAI,unknown,205.26
653,FAFRVIXYO,Toys & Games,0.0,FKHMLIOEOBOTC,unknown,205.26
654,HSXPFFVCJANDZL,Books,0.0,GJZJHMUBLIAULL,DVEBDLFTOGFV,205.26
655,KLJRGGKDTA,Home & Kitchen,0.0,XHMQTJO,NRGYFXFFTVJDJVAWNRV,205.26
656,IZXXIW,Toys & Games,0.0,YIRYHNKMPNII,unknown,205.26
657,JBFOCKFCXKOMT,Clothing,0.0,EOKSFJP,IGUWKYOMCCTKZW,205.26
658,FOYRRGORRTIXBH,Books,0.0,RSWJJLUCD,ETXSLRDHNPTHEI,205.26
659,BKZGFJEK,Toys & Games,0.0,XLGLCRSENW,HGRUVIKLHWQ,205.26
660,BXASB,Books,0.0,VOPRKBJKEUQA,SAZVCNRZBHQILGAUUNB,205.26
661,TWUXDLVTR,Books,0.0,NOGHPMECMSLSQ,GOIHGDJGOM,205.26
662,AXNDE,Books,0.0,BXZNZVU,IIEUFPPXNSSPEAEIU,205.26
663,WMPXMXVZBPFN,Clothing,0.0,BRWOL,JYXOULMRUJXAZDQU,205.26
664,QKSCK,Toys & Games,0.0,FNHTYXSSLII,OLBGDNRKCCR,205.26
665,QZVGJKCTJ,Electronics,0.0,ZNACKUDTA,AMYEDCSMPSARGCVT,205.26
666,NLOJJZSAXZJBQX,Electronics,0.0,JDQZVUEBAP,UHBJURLNYBQTLGOBZYL,205.26
667,GTIVBNQAITU,Clothing,0.0,UCNVSPVFYXA,AHEYHVTNFR,205.26
668,DHMDIIV,Clothing,0.0,KYRIVCXWHHW,unknown,205.26
669,LJKGIF,Books,0.0,JOJZH,QRQLFGQZPA,205.26
670,POGPEPA,Toys & Games,0.0,BRBYUSVIY,YYAKXCWPAGKQSNWPQNI,205.26
671,EGSVEQZ,Toys & Games,0.0,JDUAKZVBWDOTY,MBTHDZEOBUWIHZ,205.26
672,HABOTRKYJX,Home & Kitchen,0.0,VBFGS,MYGSOLMAUYHOVNH,205.26
673,DEDMYMRXBPAZ,Home & Kitchen,0.0,RWIUKEYX,CLOVPGRMWZFBBVSFY,205.26
674,ICYGJAJ,Electronics,0.0,BWCVQ,QSPRSBCOOLTMWBRORMF,205.26
675,IOOCYEIZV,Home & Kitchen,0.0,BABHMZNULISX,PTZCYQZRLGLCLYOQL,205.26
676,WGXWLYIFWBIQA,Home & Kitchen,0.0,GZJXCSQH,VAYPYZOKEGCMXMSJGT,205.26
677,FEBIZND,Electronics,0.0,GGWTWZ,WORTGCTJOLPXSL,205.26
678,UOHZDPUD,Electronics,0.0,IWVUJOZWJBEH,UBHZXMAYBNDFMIPAIX,205.26
679,LPSHFJERJJ,Home & Kitchen,0.0,FAPRCGLJVU,RPGRITBEIDPUXCFQ,205.26
680,RAGUAODTJWI,Toys & Games,0.0,JWIKSHYRDBMWN,unknown,205.26
681,NPABGJ,Home & Kitchen,0.0,VXOMFTFA,unknown,205.26
682,TAMAEPOQWP,Books,0.0,OONJHDYVFT,unknown,205.26
683,QBMNK,Books,0.0,UQWXVGLWDNDP,MSXZDTLNAHPUYSEN,205.26
684,CQOIJHUMREFQKT,Books,0.0,RSUJY,LKOGJEOBVMNTF,205.26
685,BEADDVZYCIVWL,Clothing,0.0,MFWDPHPKV,OKMQDWKWAN,205.26
686,BKJVFRBBJPLAUH,Books,0.0,VRDKT,unknown,205.26
687,MOULHJ,Toys & Games,0.0,PJEZRVKCIOVSSE,XIMVRJOLTONSSUJ,205.26
688,RSOFKUKTT,Clothing,0.0,DLECJMDXHA,YTGWWKUDDU,205.26
689,RYRJBZINS,Clothing,0.0,BDUAUGEW,JWEPLYYAERDOWZF,205.26
690,WDFNDZOPGQSSQF,Books,0.0,MHQJJBFUARCZU,SNOUPVOFFYFLBYDW,205.26
691,HKGZXVYSZJIDW,Home & Kitchen,0.0,PVCFDPCDKXQ,YJSXEFNOSSGVRZL,205.26
692,BBPIMCIMUVBHI,Electronics,0.0,ZHNZPYS,unknown,205.26
693,FVHZEI,Home & Kitchen,0.0,JOZDDMLOWMFZN,GVTCVOTEBIRMTXGDHFX,205.26
694,IJWDC,Home & Kitchen,0.0,HLNEBJC,ETWTUIHBGRJCQ,205.26
695,OKNFLMQPCBKICR,Clothing,0.0,JIQFIWCGLRJ,CEMMFNWEUXA,205.26
696,ONBQVZHJ,Clothing,0.0,QCAHMK,CFDBPFNJXDXGQENPHP,205.26
697,RYSHHCCLVQDQNS,Clothing,0.0,TABRRIGIJZBE,YKWBAIEBNTZMLVI,205.26
698,ULEKTCUONKTHD,Toys & Games,0.0,BTJAL,FDJEDTXDMPKSRZAUD,205.26
699,FOLPPUTTDKMI,Toys & Games,0.0,OFNNOAYQKOTP,IIKEUFTFHUXXSVAEWUS,205.26
700,LIMPZFJM,Electronics,0.0,ILBOIPQTW,PBIRPGILSWA,205.26
701,ZSXSQMMZUBJ,Clothing,0.0,HGFEJCXT,BZQUNMVKPRTCANQ,205.26
702,MZIANPTOAQ,Books,0.0,QPKMRNBLVUZJ,LBBLZUEWPECZ,205.26
703,MOPPBQKHTCLT,Clothing,0.0,BYRQPBKSVGV,SLHFNWCKGIXKMRJ,205.26
704,QKQSVALOR,Toys & Games,0.0,OILHB,BGOJLTYVISVFXWSABOK,205.26
705,NAMOGOTJNFN,Clothing,0.0,PWPCS,RADVDDYRAGNPOEMERVE,205.26
706,YVLKYTVXYSBV,Toys & Games,0.0,INBMETNAFVKQWV,FNBOPEPAHAGFHE,205.26
707,AHYNIBYW,Clothing,0.0,GSZVFMJV,TZZPQKWBAQABQDL,205.26
708,WYHPVPMTO,Books,0.0,JEMQVWE,JOKGJSYRBGYNVKAVTED,205.26
709,VCFVN,Electronics,0.0,VGTGOOUWA,RRZDCVJPCSTO,205.26
710,ROIRCJQG,Books,0.0,LBROGIWVCUJBYV,KIMKUNAIMBDPJF,205.26
711,YKQEG,Toys & Games,0.0,YLGEDAOIFNBLW,unknown,205.26
712,YXOCOEW,Home & Kitchen,0.0,MDVPKFEASG,ELLMZNDCQHPKEPX,205.26
713,ECIZIGZB,Books,0.0,JJQXGV,unknown,205.26
714,WUPIMSTQFDA,Clothing,0.0,UVALYQPTOSTQZD,PILVOPAFMAMECLZJIQF,205.26
715,SIMHWM,Electronics,0.0,CHWIBZSV,YRGIOSPSSQYY,205.26
716,AXDSIJDT,Clothing,0.0,PRZRLB,YYASOCQFDHVDUBJ,205.26
717,MLKLRLPETYLUY,Clothing,0.0,AWPQAUWCW,LWJLSCVSWG,205.26
718,RYCTQNAQYHEEI,Books,0.0,TPUNPXIUUBYMV,AMIPROTOOJZROL,205.26
719,SWIVRPA,Electronics,0.0,UTQFQZBGQ,unknown,205.26
720,NNAZZY,Home & Kitchen,0.0,HWWASYEEWZXV,KESRRRWTGNZAZTI,205.26
721,OLPNXOWOSHBBJC,Clothing,0.0,AZJJYVCLZ,ZFGRAZYPRRSMSCTQ,205.26
722,QHWDNUJADAQ,Electronics,0.0,PTCGVNDJXBV,LLTPATMBPG,205.26
723,QGWTOMBSXMXKVO,Home & Kitchen,0.0,OHPKXKK,BRQPTRUTPAUEOME,205.26
724,IITAQLJEROFGQF,Clothing,0.0,BTAST,TEPKKVWZCSJ,205.26
725,LUNLWJVTOGZI,Electronics,0.0,SUKLJGXHKRPAFQ,YQCCHPLVSAS,205.26
726,JPGEWCRKOUTEXL,Books,0.0,MWYJJAGTIK,QSDOGTQYVIGDQ,205.26
727,OIGJWMHL,Clothing,0.0,BAWLGSEZ,IPFQYGQNOTURSRNT,205.26
728,XSZZAPVQYR,Clothing,0.0,HNLIJJAYVFN,EGLQSPBLQUCHEUWX,205.26
729,GRZHFG,Electronics,0.0,IWWLSZYTVWL,UYYNWNDOBU,205.26
730,VJKYMIGIMZC,Clothing,0.0,MZCKBRRYXYIAZ,QWCVUPLTCYEPZ,205.26
731,AUTBYCO,Home & Kitchen,0.0,PYAUTXEYQHFAMR,TPQBLZMEPHXNHYRT,205.26
732,FMUATSAUVBON,Clothing,0.0,ONPEAZWD,VOMVURXAAAIUNRATKBS,205.26
733,KOFTIET,Toys & Games,0.0,FYYDG,XSBFWOYKZPT,205.26
734,FZRWSI,Home & Kitchen,0.0,AJMINAIFJKGTYV,VCCSUKFYIEXGTA,205.26
735,XFNZXMKLS,Electronics,0.0,LNJPVDWNBB,KZUJMCKTIYKI,205.26
736,UZSXZMN,Home & Kitchen,0.0,YCWIYCABOK,NPQYOKLKRXYLHYUJWC,205.26
737,RLDJQDLMDJYC,Toys & Games,0.0,PWQCHGUCGEAE,DMZTHBBUFTGZD,205.26
738,YYQFZH,Toys & Games,0.0,RSJDMAD,RJTKGEZKRPSTEGCYJ,205.26
739,YRVAPGC,Clothing,0.0,QKGXYGMYZSQRZ,EEWVKSLQVVTO,205.26
740,DIESOHFRSXO,Clothing,0.0,RYUTB,IVQXZWKFLKQ,205.26
741,GJFNQISEWGSTZG,Books,0.0,OINSHLQ,MEDGOBQWXUHPTXCWVQE,205.26
742,BYWPMHFFIDKE,Home & Kitchen,0.0,BTRCEBIXE,unknown,205.26
743,QTGOYONMKMZVX,Books,0.0,UTOMI,ISCUGNVNWYCE,205.26
744,JDQNXRKPAGJIY,Toys & Games,0.0,WBKCCJ,unknown,205.26
745,VWNZYOB,Clothing,0.0,BAFFKPAEYZJU,QHKQNIFHQVMMQSBR,205.26
746,NPGDRXEFGOZA,Clothing,0.0,FKZPTMLRZME,GPSOWYNMTGOAB,205.26
747,DYAKRNVKJQDX,Clothing,0.0,MYMSSMKPWNJBHW,CUXEPQRZPKCJRPIUA,205.26
748,PUMIKKFAVFMVXV,Electronics,0.0,ZVUTNXNROVPN,SIYFDIYORZVDSZPFL,205.26
749,ORTNOZEZD,Toys & Games,0.0,VUBECWGXLJKYQD,YYBOHKPHETYDLJDSJ,205.26
750,GJPJRQ,Clothing,0.0,GEFQNKEBNP,SKWMUYBNTRPX,205.26
751,MAAOAFYZM,Toys & Games,0.0,QZPITT,AZCLWCURXDQLT,205.26
752,EIYQP,Clothing,0.0,EDGEXCHPFIVTR,unknown,205.26
753,QOXALEXFYAYA,Home & Kitchen,0.0,GJEGWFR,ARHRAVQJIV,205.26
754,JCQSKRBIXQNDQQ,Toys & Games,0.0,OJFXAJWON,VAPGCQIOHDSBBMSAZWO,205.26
755,RCKYRDQR,Books,0.0,NPNGSDRVU,PVNFKNTDQPF,205.26
756,NJOAPKWTF,Electronics,0.0,AXOPX,MZDPQDPBTXMCUJRYC,205.26
757,VPBAXXIVLQYO,Books,0.0,KIQZOHRHCV,WKEYCKAOGX,205.26
758,VJZLNIM,Toys & Games,0.0,SNBAEQAUPCJ,ORYDAIIVFNI,205.26
759,UNUJPGD,Clothing,0.0,KWCBCOT,IMTTYWLJEXL,205.26
760,WYKPTDVV,Toys & Games,0.0,OBFEFEVLDXYZW,WDMRBKYVDR,205.26
761,QMKCIFVUKPS,Electronics,0.0,UWEEL,IBDNQACATVUYMNLK,205.26
762,NQCDPPUZY,Toys & Games,0.0,UMKUALFKL,BCDIKVYUYIQ,205.26
763,SZQMZVWZ,Clothing,0.0,XERPMGNAUU,GHCADQADHQZZLYVPEY,205.26
764,ALDKEBQHFUIM,Books,0.0,RKTGJSM,YMMLCLXZTTWXTKJPFQ,205.26
765,JLHKJM,Home & Kitchen,0.0,GMPORCPYAX,LETPCPKNVZV,205.26
766,QGXCTMSGISMVH,Books,0.0,SFKXG,XRGWRVUBYHWOFUMYEVC,205.26
767,RWBRRKANPK,Clothing,0.0,FAHYYND,OXIQQMRTZEMGDMQHCY,205.26
768,GPNON,Clothing,0.0,WWPKVGAI,AZHCQSXPTJW,205.26
769,KPSQZFKQI,Electronics,0.0,XMULWSZQWU,OGPQTMJIGLAXPDNWV,205.26
770,QLWVVE,Toys & Games,0.0,IYVYW,ZZQLOVLCJTQNMMZH,205.26
771,DCZXWYQG,Toys & Games,0.0,BRDAXULPWREP,SWBLTLWSPBH,205.26
772,DWMLAUSUTRKTCQ,Books,0.0,IBNKBPUSMQAUS,JPGSTVCQHDA,205.26
773,HOEDZUTSUDOQLC,Home & Kitchen,0.0,MSCCACPUHWPMM,VAINGHHVXWA,205.26
774,OJXWRACUZLACCE,Home & Kitchen,0.0,DODHXBOW,IHEABJNOJILJ,205.26
775,YADZZDQ,Electronics,0.0,BCKGPVVGV,IRSSQBJEGFBHDRDHQ,205.26
776,AVPCWU,Clothing,0.0,HGFPUK,NHNHZYNWKIQQLTBXQT,205.26
777,WDUEKUZIZCFXK,Electronics,0.0,CRIQBJJQHT,RFDNTVJDOILHXEPVOQ,205.26
778,OWCATVSNQVNQY,Toys & Games,0.0,KEXJWAHDGS,YLTSEOIYCL,205.26
779,MFQLW,Clothing,0.0,QZUPNC,SOCTRVPOEJJMRJPB,205.26
780,FGAAEFP,Electronics,0.0,HQRAGDC,DSYEQBOWXFW,205.26
781,PNAMTJXJIMCRT,Books,0.0,JCBEQEZ,NLFVTTRCZFD,205.26
782,QSWMMA,Toys & Games,0.0,WNSMLYZPWQVT,QKNKSQDLDLQO,205.26
783,AXEXCG,Home & Kitchen,0.0,NPCUSGETZW,UAELGVZOEXIAFPOB,205.26
784,VMWRXUGAEQHO,Electronics,0.0,JICJPXWIBFE,EPAUJPMUBDVAKIWFA,205.26
785,DBEAYEFB,Toys & Games,0.0,GOUFDWM,HDDAYHZWRWTSKZTJF,205.26
786,ZADGVZAAHTPUMW,Toys & Games,0.0,EOGGJMXKATK,BWZRRQMOKGQSHQPN,205.26
787,ZWRTJLAJICSZ,Home & Kitchen,0.0,CHMGC,RIRVTYPQQPZSKFS,205.26
788,JSPXRNCBARXIM,Home & Kitchen,0.0,BRERPGAI,ILZBDCVULCILHSZE,205.26
789,GPUSYO,Home & Kitchen,0.0,AQIWOJTCEBVFPL,unknown,205.26
790,KAUGTHJEIY,Electronics,0.0,LZYQV,BWWIDEKDDOECP,205.26
791,ABSNTJIJFQYFD,Home & Kitchen,0.0,XPRHZRBIWXP,WAAACIMXMYUWMZYUHH,205.26
792,CWSRZXDH,Books,0.0,JVAUR,EXJSCVGWFGGT,205.26
793,EMYAM,Toys & Games,0.0,CPZWOBJDZSQJV,XBOJUOBCSEXSGUNLZ,205.26
794,VZXNCEGA,Home & Kitchen,0.0,FAKPXTGXC,JDRFTDENIOAUUMBOOPC,205.26
795,LKXHYFVBSTT,Toys & Games,0.0,IOLYPWSN,AZNCQQITTDKOY,205.26
796,NAJPDKPTAPSU,Clothing,0.0,WFVKDZHI,TLOFRVQUXQKRCWXDM,205.26
797,IIIQLYMHPR,Clothing,0.0,WXZBTCFBWHTXHC,ASTEMPPKIROMGCLZR,205.26
798,ALFIW,Home & Kitchen,0.0,KCZLN,CXAUUVGSLNMELHFRGS,205.26
799,PRQRASVHC,Toys & Games,0.0,LRXDY,ITPTDJJHACXLGVWAXTA,205.26
800,YZEWHSRRUAORYG,Clothing,0.0,CQMQQZSEHXB,REAAERIJGONDN,205.26
801,IGNKUPYFVP,Home & Kitchen,0.0,IGPLZUEXXUVFV,HXHEWKWBOSROSYGD,205.26
802,PLQEYMHX,Toys & Games,0.0,YQOJCGYBM,WJMFDEJXMSKSEYEAU,205.26
803,LICCAYVRX,Home & Kitchen,0.0,HELXLKBX,GIZJUCRIEKABRTNVHS,205.26
804,IRRGDMQXBNCEN,Toys & Games,0.0,EMRWQFSVQQ,NZVTHIYNLMFNOBRJYUG,205.26
805,WGRMWVJ,Clothing,0.0,ZOWTDD,YEHTMGYRILXZQJG,205.26
806,MPIBWEVQWVDQI,Home & Kitchen,0.0,OBKWCKCKB,EWOPPJNTQFAKAL,205.26
807,BXRUVKMH,Clothing,0.0,TTOHBWRVUH,unknown,205.26
808,QLDUM,Home & Kitchen,0.0,LWFXBLWULM,ONIPBAYIYXT,205.26
809,GWXEEQIFYSPUB,Electronics,0.0,OKIXHTXRKEDUE,BAJWVSRXTVTKIOPMUF,205.26
810,PEOMMMONHKRXDZ,Clothing,0.0,GQRWAPILS,OOVRKANYBBTZJPCNWG,205.26
811,AEMAWHCCGDCOHC,Clothing,0.0,DPCHPBMSXP,SYWSCMSYNHWH,205.26
812,RKKQFHAJYSC,Books,0.0,HWBAQRG,YUEEYUBVWK,205.26
813,KOAIKSMZ,Clothing,0.0,WCXXYKPILNYDZ,GKBFIQSLFPWBZXKO,205.26
814,ATMAEENW,Toys & Games,0.0,KBXRCYBA,YIIYRZMZWEYQZWZ,205.26
815,DGTSOVDSIUMN,Home & Kitchen,0.0,GTDCFLPHK,KIWTXIIJTFDAFX,205.26
816,NVJPEWFZBMM,Electronics,0.0,VHADQT,LCMXJIQKFJXRNDM,205.26
817,RSAHVPB,Toys & Games,0.0,VFENSNBIYGRTK,TBCTCFGKGQ,205.26
818,FPWKQWSKHVDK,Toys & Games,0.0,ZVUJRQQAVDKI,SLAARJXTZCNHPR,205.26
819,IZBPFUUZSHNX,Toys & Games,0.0,CFFJJQOYDVJHA,DYAUZWNKDUPIVNFBAT,205.26
820,XZXSRIBYT,Toys & Games,0.0,VQLLYMYZNHNG,SWGVOECODEDCBERBORR,205.26
821,JADYLI,Electronics,0.0,KAHMZ,LWISAVYQATZQYFEEK,205.26
822,IFAJNVYR,Books,0.0,QXXLZPJPCASX,CGTNVPXNQOK,205.26
823,RTPOPHMWKY,Clothing,0.0,POGBMEJHMSFR,QLXDUJRSGWLKXCB,205.26
824,QRVWSYMOWVV,Toys & Games,0.0,IQDVRFKWVJZK,VBODYZCQBZJ,205.26
825,PEZCW,Clothing,0.0,UCBRBZLEZDPN,IYTOHQKPVXRXDRTH,205.26
826,SEGNCMMJBFHDYL,Clothing,0.0,UGUKXL,unknown,205.26
827,GNWSNVMUASAD,Toys & Games,0.0,YZEXPVGHDD,OAAPQNONUBCXLZ,205.26
828,CTICFFWYLWAPXE,Books,0.0,BIHRLPAZTD,ZBHLIZNZFQKSUMCCY,205.26
829,JMOLEERLCZYGQ,Clothing,0.0,ECSLZS,NHGDCSBELBROPL,205.26
830,RAYXEBA,Home & Kitchen,0.0,KUTITWZE,VVHKVVDLUWJIP,205.26
831,KKRQBGGJVUC,Clothing,0.0,IYMHVMVRWIIBYG,ZQVRGVIFVTYCO,205.26
832,KLYDYPT,Toys & Games,0.0,UFMXRCJWC,unknown,205.26
833,DVFUOA,Electronics,0.0,FWPYQ,WOYEQIZMGPHREMX,205.26
834,EVQNICZ,Clothing,0.0,JGHCESGRVZRYF,GTMBZSNNIDQZTPXH,205.26
835,KBXOMSV,Books,0.0,FFVZVYWKQ,OZRJDGXQHAVUJOWFJAF,205.26
836,GMDIJI,Home & Kitchen,0.0,IVPJOHNPSCMILY,LOVGFIPLIHEZ,205.26
837,OHSKEBJPWMH,Home & Kitchen,0.0,USGGSHFCV,DKJHIMXZSWKX,205.26
838,KKWZPJXLYFLJR,Electronics,0.0,FWTTS,AWNSAWLNOGDN,205.26
839,DIGRHK,Electronics,0.0,MQVRTFKFZ,PZNUKYFOJLI,205.26
840,IHCQBONRPTV,Clothing,0.0,AVYXHNVTAEE,RKFSBVWTMZ,205.26
841,YTFFZKZQ,Toys & Games,0.0,QKVGAOSJIMX,unknown,205.26
842,CMVCPOKROEPP,Books,0.0,FHLBPLWRCRKEMJ,ZIQGYBZFJQNCPPEPWE,205.26
843,IWCTM,Home & Kitchen,0.0,VOFPWHTYC,unknown,205.26
844,CGFILOUTCJ,Electronics,0.0,OCOBLEIVD,unknown,205.26
845,SSWWM,Books,0.0,ZUGPMBBIODQ,BPVFPYMJTIBUPCVB,205.26
846,SXPYW,Toys & Games,0.0,OABIKSASIBEQZ,YTWEHLDNWOUCXVODOYI,205.26
847,OPKXFKCOAGA,Home & Kitchen,0.0,NLWZJ,ZMIDYMJHNPZ,205.26
848,IZWMK,Home & Kitchen,0.0,OAAKKEC,ZGLMOORBNTZG,205.26
849,FAGLVTWS,Toys & Games,0.0,FRGUXDNH,BBECCASTLVFUT,205.26
850,DCARU,Home & Kitchen,0.0,KNUCKDIE,MUJAPNRNYJTVEBQ,205.26
851,ATNDEWMXOFAW,Toys & Games,0.0,DGBTSGTX,AFZGGYPSIA,205.26
852,MFOPXWP,Home & Kitchen,0.0,YISYTYBUP,GRJTBKRKNMA,205.26
853,VIIQQQXLMLNJWS,Clothing,0.0,SRQKWDXHXR,JOSQJVHWGRDFBMULES,205.26
854,DSGZOO,Toys & Games,0.0,HJRRQPFNE,KWHDDKNITZN,205.26
855,FCFPBGKZGDXT,Books,0.0,XXEKO,MNQCOUBUYJVO,205.26
856,DLEWZSZESUC,Clothing,0.0,HCDNWWT,ULQPHYEYXOHR,205.26
857,KGQYIUIJMOVECH,Books,0.0,FXWDLBRNHHLAA,HSQDDZTTINAIWM,205.26
858,JMCVHIVU,Home & Kitchen,0.0,QJAZKUQJ,RJZZDODTKLMBHD,205.26
859,RIBBCP,Books,0.0,DZMKENYBCC,BWEEWDSILCEBWMGUHY,205.26
860,DWYRTYR,Clothing,0.0,SJUFVFAVAVZVS,KLRRPTVFRQRXU,205.26
861,KQZXYWXTPTMBXB,Toys & Games,0.0,FBOLUJS,IGXVGSAAAKWR,205.26
862,NDQMDCLVWHBFV,Electronics,0.0,MCRTEVMNO,OQJHUISRHENMAKL,205.26
863,LUJJWCTJITSNBE,Books,0.0,NSCVAW,unknown,205.26
864,HGFKLRSJ,Electronics,0.0,GTGQOMXZOZCY,WTNPYOHUAMCXL,205.26
865,YUNCRXOFJLGQA,Books,0.0,PVAXN,HQRJOWUUJIAUWEON,205.26
866,RZOSAEOCAHLVYS,Books,0.0,TVDXIUA,KWQUNFVDMUXVQULWLXD,205.26
867,YLMASFHDEYVGW,Toys & Games,0.0,NMORPFVPKGIA,TFFVAKWWULD,205.26
868,TDOUEXIB,Home & Kitchen,0.0,HKEFXXLKGGLLAX,KKMMHKPMXCKU,205.26
869,QPQTZWBKBAZ,Clothing,0.0,UDZSZUS,JZVRQGRJZTVMGWGTK,205.26
870,WIVZBO,Clothing,0.0,KIMVSEKXYCEMN,ZLMLLFCHQMHEXDPRDKH,205.26
871,OJYWQIRDIPDPSA,Clothing,0.0,BRFSJU,unknown,205.26
872,FJPDVVMPTFZ,Home & Kitchen,0.0,EBFRHBWTDOXT,BFXHANPQHQMSICRAMM,205.26
873,CTJATKZZLNYH,Electronics,0.0,IXTUFIMENNRG,JSVGNFFITP,205.26
874,GJSYZDBZ,Clothing,0.0,LNSPXSJKDY,OADJFWBJVSWIKD,205.26
875,RNZPVKJQN,Electronics,0.0,BIJHDMFF,JFCMSCTRLLULXGILS,205.26
876,DSBGISPVYP,Home & Kitchen,0.0,IFEBNJ,XJSQRJZXLWTHS,205.26
877,WUUKGI,Home & Kitchen,0.0,GTKMW,DFVDPHIORC,205.26
878,YMZYDSBI,Toys & Games,0.0,QELDAJBMM,QAGJOWMWEGNNIVFSO,205.26
879,FEETVE,Clothing,0.0,LAJTXEJGORTDA,unknown,205.26
880,IVJPJJSJ,Toys & Games,0.0,KCLMTRLJUUOC,IKCQLENZSVQ,205.26
881,QEZFXOYSRD,Clothing,0.0,OQPBAVDZQGYE,DAQJHZKTJSFKPJYVAHQ,205.26
882,PXSTCJBDFKNP,Home & Kitchen,0.0,DTTEHTWIFDE,ITHIPNXFIKVO,205.26
883,SBYQIQOGV,Home & Kitchen,0.0,TMDGVAIEJKRE,HTCTYDGQLFXWUD,205.26
884,SCADRZHSWWY,Books,0.0,VXUDZSPBOIQZ,PAQEYWRFZWM,205.26
885,AHASKUXYOW,Books,0.0,VFAHKT,YSPRGXIZUYAIJURVA,205.26
886,KSUJXLAXGQZJF,Home & Kitchen,0.0,ZOIBGQCDCHK,GZHABKAXLHCJOLBY,205.26
887,RERZQ,Home & Kitchen,0.0,SWBLKPKCWJE,IRFKNAWDGIQQKW,205.26
888,PHXMXPKFCA,Electronics,0.0,XFTCVIUGWGYBH,LOBHTWZBXFAYRDYHHNT,205.26
889,EMJEZN,Electronics,0.0,AJFRMU,ZTCOSAYCTA,205.26
890,AYBGJ,Toys & Games,0.0,WALHU,QMTPZLGZXXQK,205.26
891,GXPELQPT,Books,0.0,CRFDOZDFR,HJPJXYHEQMYJJZZ,205.26
892,PSZOLUJZVBGMCO,Books,0.0,ZJMTVR,WLLGKTXZYLDRJT,205.26
893,ZCYJO,Home & Kitchen,0.0,HYFBVHJQVLK,ANQDYIGUVQC,205.26
894,FTOXUGYUED,Home & Kitchen,0.0,PVJTC,JEDSFFITIO,205.26
895,RCQRRXXBMV,Toys & Games,0.0,DSITQDQ,HXBJNXBXVMSGL,205.26
896,CEEECCTWR,Books,0.0,ZCTDIFSGPOPNDW,CEDNFQQXMXLYXBN,205.26
897,TDAZPHQHGYHUXZ,Electronics,0.0,GXGFTI,HOIPMVODYPLTVL,205.26
898,JGLTEPI,Clothing,0.0,UKPAZ,ATZCHGMJQKHWOL,205.26
899,TVZNKGJIDPJ,Toys & Games,0.0,FVKGP,JLDORYMXQAX,205.26
900,XQIMABM,Clothing,0.0,YVBTMMOOIRNWND,QTRIJVYQADROOA,205.26
901,IGPSGFRSKLZJ,Electronics,0.0,KVANHFKNGVGUSV,XAKKZZFANXFQIQY,205.26
902,JTRDXEELZ,Electronics,0.0,YVIRQMDUZGHPLA,HXWLBCUMERAE,205.26
903,HVBRIMG,Clothing,0.0,AHLPADSRHF,LSXFBBTMNFLYMX,205.26
904,IVOELALVFSSPSC,Toys & Games,0.0,COFFESJI,NRDFVZFOXXMGMUFFN,205.26
905,JRZMZRCZWCW,Clothing,0.0,EGQWQIVWGA,KMCLWVUVVTEM,205.26
906,ZLTGYXHINEUSU,Toys & Games,0.0,JSHIOK,KQJLFEVATXTOPJXH,205.26
907,LUDHGOFENUMJ,Toys & Games,0.0,LVRBOJGIVQNI,VGWATWFMLSZ,205.26
908,DHXKQR,Home & Kitchen,0.0,OCBCBMZMBTV,QEXONCEYNHKYOMEMCMK,205.26
909,YZKPLMPWZ,Books,0.0,IEUGYMA,unknown,205.26
910,APOFLHGBL,Books,0.0,BCLEZLDUZULEN,LWEVHEPIAEA,205.26
911,NPKTIJQLF,Electronics,0.0,ZJERQJKOXSLPWX,AOEIRFULNG,205.26
912,KIUFYYX,Home & Kitchen,0.0,VSYCMUVOQK,SFCPPRETDPDXMNQC,205.26
913,PTPFEUDBFIQNG,Books,0.0,WLQVWEEGCCQXB,CQMUTJXLIZUADSFORE,205.26
914,SATYORCRBJ,Toys & Games,0.0,WJZKXIN,KEUHKUTJIBQDZLSYS,205.26
915,CGHSRMMXSWLQ,Toys & Games,0.0,GJAANHNGRYZW,ZGMBHFKIHTXT,205.26
916,LMYLSNGMFX,Clothing,0.0,OAKSJRVZDRRVY,ZKOWVEPBOEOZWK,205.26
917,SDSIPDF,Clothing,0.0,TLIRFWSTWY,FEYATGPQOTVJHWI,205.26
918,XPEUVJWMZNGT,Toys & Games,0.0,KMBHYKRZJ,SJTCYKKHJIJJREEG,205.26
919,GEURWLFADS,Toys & Games,0.0,DQQEW,THQFYMMMPBEJJ,205.26
920,WZTHKPI,Clothing,0.0,GEJXGQQ,KTYXIMMBZEZYELTHFR,205.26
921,ETNZOFZ,Books,0.0,FIHNVFITYKK,UWTYBJYTFEPCWDANN,205.26
922,HSEMPAMV,Electronics,0.0,CKDWCMSHUUXV,SFLRITWYMSMSSUJFC,205.26
923,HYHXNMCDT,Clothing,0.0,AUHIFKJCH,PIQWIESOJDXLNOSELCO,205.26
924,MIYJLNANN,Books,0.0,BPAXBCIQX,QWOOKVLVSAPKAWD,205.26
925,PNAPRGOXQSWM,Books,0.0,XBWSTQ,unknown,205.26
926,XXOYZCXAPHWMH,Books,0.0,QMLKZKXHRDROXG,ZBAXMXESABN,205.26
927,VWNUU,Home & Kitchen,0.0,ZOSUQJKNDDA,HZKDCEXNJFJKTHDURZ,205.26
928,OPSFWALRPLT,Home & Kitchen,0.0,EAUXZHRMQBF,ZNZCLOXHNWFYN,205.26
929,ZVAZUGOVMMIX,Books,0.0,DHOETKHQI,TFPQBRMZTPUMN,205.26
930,MLEGHEIN,Toys & Games,0.0,NXIJXY,HEXIOITJRNR,205.26
931,LDTHQHUATBDXUA,Home & Kitchen,0.0,BCXEDCSJ,JTFIWPKTWREIKI,205.26
932,AICLSOVPJVF,Clothing,0.0,GLHEXMIDBEBZRF,HECVDPMCDAZHI,205.26
933,UVXQU,Home & Kitchen,0.0,KJABUJEZLSUYBF,ELIDQLMKWQOIDLC,205.26
934,RKXGJGE,Toys & Games,0.0,PSRQAKDFGHXJ,QVGGUZLZUVJHI,205.26
935,URCTOEMSLWUEF,Electronics,0.0,LHLZQ,SVOTTGVXHCKDBAG,205.26
936,ZJPHIDUUHYG,Home & Kitchen,0.0,NLEMKPZ,LHMFGXTXFLGJGXOUB,205.26
937,CQKIEYJON,Books,0.0,XHFTTXCXTJYRJM,QPMRUDLKBTWUPMDBR,205.26
938,UTBLAXTE,Books,0.0,TOYLP,ZVFTYTSJIQ,205.26
939,XKHGDFPTON,Books,0.0,NIIJIYPWHBY,QGPQAVVPUDP,205.26
940,LLPOMKQUONJ,Electronics,0.0,XRLXCB,CAQECSKOBYVGRAHPZ,205.26
941,DWIUTIUYXTKKGU,Toys & Games,0.0,FQPWMLKOQT,MYLIMKLDZCEFZ,205.26
942,DEEKIPIVDBNCRU,Clothing,0.0,XHZGKUVHSF,AWEBNKIHZGOIJ,205.26
943,KURLEITZRS,Toys & Games,0.0,SSDVOQRT,SYVBVNUJEEB,205.26
944,IDQQWWB,Electronics,0.0,IHZHKWLVWFCOFG,unknown,205.26
945,IEOOCSCFDXMMK,Books,0.0,BFBAOJJJED,EETMLJMIEFQ,205.26
946,AIQVACOZU,Toys & Games,0.0,OIPISNZLLCSKZ,YKFILDROYDNRQB,205.26
947,WJHLYVOIXYJTIO,Clothing,0.0,FFSNPLRVM,SVNDBMGVHJUCDU,205.26
948,UUABZSNHFLZ,Books,0.0,IRDKRUCD,FYTGGVQYFSRLSK,205.26
949,AKYCSRTBY,Clothing,0.0,MOJUIPPMEJYXA,COEDZAUCJM,205.26
950,GHSVOJVAFMNCKC,Home & Kitchen,0.0,UCJQRMB,NZMXUZXVVEKZVNAX,205.26
951,JOKOZXM,Clothing,0.0,VRNFKQHC,XCZVAQTLZMFCKK,205.26
952,DMIYQBXEP,Books,0.0,CQDSHQYYVEKL,JKPTJLSIDZOWUG,205.26
953,AZLUKLSZLLN,Home & Kitchen,0.0,OLVGXCJPA,SVYOFTOQSCRJOR,205.26
954,BYDTWZ,Books,0.0,KQNRLPHCK,OXSTEKIEKVGBTVTUS,205.26
955,MBCSFSUTSHNJCF,Books,0.0,ODPVXQNBVOXHMC,PACZIQHUPLD,205.26
956,WRNSZJODWBC,Home & Kitchen,0.0,ZDDBMVHI,GXRVTNHMDLCEDO,205.26
957,WPJSQSEWTMM,Clothing,0.0,AIKPD,INPCORRNYGZTFZ,205.26
958,VRSDV,Electronics,0.0,BJQKWVSJDMA,SITARUNNHWYQROJ,205.26
959,WEGBALJHAL,Electronics,0.0,IARRPVPENVA,PGQERNRROYKZE,205.26
960,JVQZCG,Electronics,0.0,FWLRVIPOYB,unknown,205.26
961,TLCQIJVFYAVL,Electronics,0.0,WUMSAPGMX,FKTJQXHFPJWSYDBTBLD,205.26
962,MOVKHEBLB,Toys & Games,0.0,PLGYNRUSMB,unknown,205.26
963,PUCJSHGALEPYDQ,Electronics,0.0,DNBRXSS,XPDNPOBMQTJ,205.26
964,UBLALLLSYQTX,Home & Kitchen,0.0,USVZCHDU,HBXZAWWECV,205.26
965,ZKMHJHTHIGNB,Electronics,0.0,EKWSSQB,IDINJVPICAVTKZ,205.26
966,KHMUOCWNOBSLY,Books,0.0,ICJUITDV,TAEICLRBJGVRP,205.26
967,DCECYOSB,Electronics,0.0,LKVOTNGONKJ,GKFUEJCOLE,205.26
968,VQNVJCDFX,Clothing,0.0,CLMGLVB,KWWMJJXUNTPLWRX,205.26
969,VPGOUYTZKVUAE,Home & Kitchen,0.0,FYSYF,unknown,205.26
970,NIQOUGVVL,Home & Kitchen,0.0,ZZZNPBIM,YDQRDAFGAFCW,205.26
971,FUPZEINHNLJ,Toys & Games,0.0,NNEBEFBAP,BKTKHSXWUOT,205.26
972,TZUMSOHW,Books,0.0,IYNIEOJOQC,unknown,205.26
973,JCUCZEPQF,Home & Kitchen,0.0,YDKSNRUBIJYM,XXOVKJXSWENIYUFALND,205.26
974,TTPXBTORAZSLHF,Clothing,0.0,DPLYPQP,TLAMJDFIRB,205.26
975,RVNHXTVNEIH,Electronics,0.0,BILMNLCVUPR,KZMFLSRSLTMTWDZ,205.26
976,PMGPGN,Home & Kitchen,0.0,CVIOHJUVCEFNS,FMJCIOZEZYZVVIZ,205.26
977,ALTUO,Clothing,0.0,RZYGDCMDIYFKII,CSBRNVXMXHJWBJ,205.26
978,GPCGXVFP,Electronics,0.0,USADAMPLAO,ZWDVIUJDCGW,205.26
979,HWVFJPKMFXAU,Toys & Games,0.0,EWAQHVHVVZ,PEMJXBPTAFVSAELQ,205.26
980,LXFRMGW,Home & Kitchen,0.0,LPRCDONAYYT,HJYCIGXFOMNE,205.26
981,HUQITMBDY,Home & Kitchen,0.0,QVRAZ,XBGAPGOFTSIVFQEOGNT,205.26
982,DRESJR,Clothing,0.0,WPNTWW,YVYXQRBRNDG,205.26
983,UJEQVMWQIXLNN,Books,0.0,RINMZNZS,AHTXJIGCLCEGLWYQ,205.26
984,WESNIGZZHNVN,Toys & Games,0.0,HDIXK,unknown,205.26
985,HCWRCMLOR,Books,0.0,OYRTEPULQYO,GQFOSOGEOTMZGMMM,205.26
986,GKZKOJOMN,Home & Kitchen,0.0,UZSXGULQGKAQY,HEDQTNKJAGFGXOFR,205.26
987,MJYAA,Books,0.0,GBKPOHOGEH,IFVQXKXDGOY,205.26
988,XFFLYODXDBXLGT,Electronics,0.0,FDGFVE,LMUMHGZDCQ,205.26
989,IHNAWUWLYBMDT,Toys & Games,0.0,RKWWHTKYZ,BUNPQDHIPPQC,205.26
990,SPNHLI,Books,0.0,SBJGLZB,unknown,205.26
991,ZRBWHXNFJH,Electronics,0.0,SAKHHNMJQFT,TBWLPFPGNCAQTD,205.26
992,YLQMS,Clothing,0.0,NXHGEFHUC,GDGHIVODZRYLWFDD,205.26
993,EYPYFKQZWNFYW,Books,0.0,YJAGTFMGHUELF,AUFZIQUKUIK,205.26
994,GBFFRTHH,Toys & Games,0.0,OUUDQNGWMVJ,unknown,205.26
995,HABLODYCNVWH,Electronics,0.0,BVLMYU,FGSIBLGJTOYW,205.26
996,SVEMZTAPWXB,Books,0.0,RVKVJVFNTET,unknown,205.26
997,FEDBJVERJWV,Clothing,0.0,IEESMWENBY,DNXEVLDCRXEZFNFT,205.26
998,KZUYYQUIWPFVK,Books,0.0,WWZLXTGCI,WLZLHWTYBERXYCPEIF,205.26
999,QDOAVTAILDV,Electronics,0.0,ZPYBTAXDDWFC,VYPZGDPTQSYQ,205.26
1000,HMKIYXPJKLN,Books,0.0,BQLLORIUEVCQ,BXVWDPDTLVT,205.26
